--------- beginning of main
09-03 12:22:30.540 E/gle.android.gms( 1568): Not starting debugger since process cannot load the jdwp agent.
--------- beginning of system
09-03 12:22:30.660 E/TaskPersister(  560): File error accessing recents directory (directory doesn't exist?).
09-03 12:22:31.193 E/MmTelFeatureConn [0](  984): ImsRegistrationCallbackAdapter: ImsRegistration is null
09-03 12:22:31.377 E/AppOps  (  560): attributionTag VCN not declared in manifest of android
09-03 12:22:31.427 E/SystemServiceRegistry(  906): No service published for: ethernet
09-03 12:22:31.427 E/SystemServiceRegistry(  906): android.os.ServiceManager$ServiceNotFoundException: No service published for: ethernet
09-03 12:22:31.427 E/SystemServiceRegistry(  906): 	at android.os.ServiceManager.getServiceOrThrow(ServiceManager.java:166)
09-03 12:22:31.427 E/SystemServiceRegistry(  906): 	at android.app.SystemServiceRegistry$139.createService(SystemServiceRegistry.java:1872)
09-03 12:22:31.427 E/SystemServiceRegistry(  906): 	at android.app.SystemServiceRegistry$CachedServiceFetcher.getService(SystemServiceRegistry.java:1971)
09-03 12:22:31.427 E/SystemServiceRegistry(  906): 	at android.app.SystemServiceRegistry.getSystemService(SystemServiceRegistry.java:1645)
09-03 12:22:31.427 E/SystemServiceRegistry(  906): 	at android.app.ContextImpl.getSystemService(ContextImpl.java:2212)
09-03 12:22:31.427 E/SystemServiceRegistry(  906): 	at android.content.ContextWrapper.getSystemService(ContextWrapper.java:934)
09-03 12:22:31.427 E/SystemServiceRegistry(  906): 	at com.android.networkstack.tethering.Tethering.isEthernetSupported(Tethering.java:1582)
09-03 12:22:31.427 E/SystemServiceRegistry(  906): 	at com.android.networkstack.tethering.Tethering.makeSupportedDownstreams(Tethering.java:2550)
09-03 12:22:31.427 E/SystemServiceRegistry(  906): 	at com.android.networkstack.tethering.Tethering.updateSupportedDownstreams(Tethering.java:2524)
09-03 12:22:31.427 E/SystemServiceRegistry(  906): 	at com.android.networkstack.tethering.Tethering.updateConfiguration(Tethering.java:546)
09-03 12:22:31.427 E/SystemServiceRegistry(  906): 	at com.android.networkstack.tethering.Tethering.-$$Nest$mupdateConfiguration(Tethering.java:0)
09-03 12:22:31.427 E/SystemServiceRegistry(  906): 	at com.android.networkstack.tethering.Tethering$ActiveDataSubIdListener.onActiveDataSubscriptionIdChanged(Tethering.java:522)
09-03 12:22:31.427 E/SystemServiceRegistry(  906): 	at android.telephony.PhoneStateListener$IPhoneStateListenerStub.lambda$onActiveDataSubIdChanged$56(PhoneStateListener.java:1621)
09-03 12:22:31.427 E/SystemServiceRegistry(  906): 	at android.telephony.PhoneStateListener$IPhoneStateListenerStub$$ExternalSyntheticLambda38.run(Unknown Source:4)
09-03 12:22:31.427 E/SystemServiceRegistry(  906): 	at android.os.Handler.handleCallback(Handler.java:958)
09-03 12:22:31.427 E/SystemServiceRegistry(  906): 	at android.os.Handler.dispatchMessage(Handler.java:99)
09-03 12:22:31.427 E/SystemServiceRegistry(  906): 	at android.os.Looper.loopOnce(Looper.java:205)
09-03 12:22:31.427 E/SystemServiceRegistry(  906): 	at android.os.Looper.loop(Looper.java:294)
09-03 12:22:31.427 E/SystemServiceRegistry(  906): 	at android.os.HandlerThread.run(HandlerThread.java:67)
09-03 12:22:31.749 E/OpenGLRenderer(  783): Unable to match the desired swap behavior.
09-03 12:22:32.183 E/d.process.acore( 1617): Not starting debugger since process cannot load the jdwp agent.
09-03 12:22:32.709 E/SystemServiceRegistry(  906): No service published for: ethernet
09-03 12:22:32.709 E/SystemServiceRegistry(  906): android.os.ServiceManager$ServiceNotFoundException: No service published for: ethernet
09-03 12:22:32.709 E/SystemServiceRegistry(  906): 	at android.os.ServiceManager.getServiceOrThrow(ServiceManager.java:166)
09-03 12:22:32.709 E/SystemServiceRegistry(  906): 	at android.app.SystemServiceRegistry$139.createService(SystemServiceRegistry.java:1872)
09-03 12:22:32.709 E/SystemServiceRegistry(  906): 	at android.app.SystemServiceRegistry$CachedServiceFetcher.getService(SystemServiceRegistry.java:1971)
09-03 12:22:32.709 E/SystemServiceRegistry(  906): 	at android.app.SystemServiceRegistry.getSystemService(SystemServiceRegistry.java:1645)
09-03 12:22:32.709 E/SystemServiceRegistry(  906): 	at android.app.ContextImpl.getSystemService(ContextImpl.java:2212)
09-03 12:22:32.709 E/SystemServiceRegistry(  906): 	at android.content.ContextWrapper.getSystemService(ContextWrapper.java:934)
09-03 12:22:32.709 E/SystemServiceRegistry(  906): 	at com.android.networkstack.tethering.Tethering.isEthernetSupported(Tethering.java:1582)
09-03 12:22:32.709 E/SystemServiceRegistry(  906): 	at com.android.networkstack.tethering.Tethering.makeSupportedDownstreams(Tethering.java:2550)
09-03 12:22:32.709 E/SystemServiceRegistry(  906): 	at com.android.networkstack.tethering.Tethering.updateSupportedDownstreams(Tethering.java:2524)
09-03 12:22:32.709 E/SystemServiceRegistry(  906): 	at com.android.networkstack.tethering.Tethering.updateConfiguration(Tethering.java:546)
09-03 12:22:32.709 E/SystemServiceRegistry(  906): 	at com.android.networkstack.tethering.Tethering.-$$Nest$mupdateConfiguration(Tethering.java:0)
09-03 12:22:32.709 E/SystemServiceRegistry(  906): 	at com.android.networkstack.tethering.Tethering$StateReceiver.onReceive(Tethering.java:1184)
09-03 12:22:32.709 E/SystemServiceRegistry(  906): 	at android.app.LoadedApk$ReceiverDispatcher$Args.lambda$getRunnable$0(LoadedApk.java:1802)
09-03 12:22:32.709 E/SystemServiceRegistry(  906): 	at android.app.LoadedApk$ReceiverDispatcher$Args.$r8$lambda$gDuJqgxY6Zb-ifyeubKeivTLAwk(Unknown Source:0)
09-03 12:22:32.709 E/SystemServiceRegistry(  906): 	at android.app.LoadedApk$ReceiverDispatcher$Args$$ExternalSyntheticLambda0.run(Unknown Source:2)
09-03 12:22:32.709 E/SystemServiceRegistry(  906): 	at android.os.Handler.handleCallback(Handler.java:958)
09-03 12:22:32.709 E/SystemServiceRegistry(  906): 	at android.os.Handler.dispatchMessage(Handler.java:99)
09-03 12:22:32.709 E/SystemServiceRegistry(  906): 	at android.os.Looper.loopOnce(Looper.java:205)
09-03 12:22:32.709 E/SystemServiceRegistry(  906): 	at android.os.Looper.loop(Looper.java:294)
09-03 12:22:32.709 E/SystemServiceRegistry(  906): 	at android.os.HandlerThread.run(HandlerThread.java:67)
09-03 12:22:32.716 E/RIL     (  498): Error 0 transmitting APDU: 0
09-03 12:22:32.849 E/AppOps  (  560): attributionTag VCN not declared in manifest of android
--------- beginning of kernel
09-03 12:22:33.645 E/apexd   (    0): Didn't generate uevent for [com.android.apex.cts.shim] removal
09-03 12:22:33.667 E/apexd   (    0): Didn't generate uevent for [com.android.btservices] removal
09-03 12:22:33.667 E/apexd   (    0): Didn't generate uevent for [com.android.devicelock] removal
09-03 12:22:33.667 E/apexd   (    0): Didn't generate uevent for [com.android.i18n] removal
09-03 12:22:33.744 E/apexd   (    0): Didn't generate uevent for [com.android.runtime] removal
09-03 12:22:33.770 E/apexd   (    0): Didn't generate uevent for [com.android.tzdata] removal
09-03 12:22:33.790 E/apexd   (    0): Didn't generate uevent for [com.android.virt] removal
09-03 12:22:33.796 E/apexd   (    0): Didn't generate uevent for [com.android.vndk.v34] removal
09-03 12:22:33.803 E/apexd   (    0): Didn't generate uevent for [com.google.android.widevine] removal
09-03 12:22:33.806 E/apexd   (    0): Didn't generate uevent for [com.google.mainline.primary.libs] removal
09-03 12:22:33.994 E/SingleInstanceRemoteListener(  783): Failed remote call on null listener
09-03 12:22:34.072 E/SingleInstanceRemoteListener(  783): Failed remote call on null listener
09-03 12:22:34.231 E/ocess.gservices( 1735): Not starting debugger since process cannot load the jdwp agent.
09-03 12:22:34.418 E/earchbox:search( 1760): Not starting debugger since process cannot load the jdwp agent.
09-03 12:22:34.849 E/android.youtube( 1786): Not starting debugger since process cannot load the jdwp agent.
09-03 12:22:35.044 E/.localtransport( 1807): Not starting debugger since process cannot load the jdwp agent.
09-03 12:22:35.250 E/.adservices.api( 1826): Not starting debugger since process cannot load the jdwp agent.
09-03 12:22:35.338 E/FrameEvents( 1035): updateAcquireFence: Did not find frame.
09-03 12:22:35.478 E/FrameEvents( 1035): updateAcquireFence: Did not find frame.
09-03 12:22:35.722 E/MultiDisplayService( 1536): invalid parameters for add/modify display
09-03 12:22:35.838 E/SystemServiceRegistry(  906): No service published for: ethernet
09-03 12:22:35.838 E/SystemServiceRegistry(  906): android.os.ServiceManager$ServiceNotFoundException: No service published for: ethernet
09-03 12:22:35.838 E/SystemServiceRegistry(  906): 	at android.os.ServiceManager.getServiceOrThrow(ServiceManager.java:166)
09-03 12:22:35.838 E/SystemServiceRegistry(  906): 	at android.app.SystemServiceRegistry$139.createService(SystemServiceRegistry.java:1872)
09-03 12:22:35.838 E/SystemServiceRegistry(  906): 	at android.app.SystemServiceRegistry$CachedServiceFetcher.getService(SystemServiceRegistry.java:1971)
09-03 12:22:35.838 E/SystemServiceRegistry(  906): 	at android.app.SystemServiceRegistry.getSystemService(SystemServiceRegistry.java:1645)
09-03 12:22:35.838 E/SystemServiceRegistry(  906): 	at android.app.ContextImpl.getSystemService(ContextImpl.java:2212)
09-03 12:22:35.838 E/SystemServiceRegistry(  906): 	at android.content.ContextWrapper.getSystemService(ContextWrapper.java:934)
09-03 12:22:35.838 E/SystemServiceRegistry(  906): 	at com.android.networkstack.tethering.Tethering.isEthernetSupported(Tethering.java:1582)
09-03 12:22:35.838 E/SystemServiceRegistry(  906): 	at com.android.networkstack.tethering.Tethering.makeSupportedDownstreams(Tethering.java:2550)
09-03 12:22:35.838 E/SystemServiceRegistry(  906): 	at com.android.networkstack.tethering.Tethering.updateSupportedDownstreams(Tethering.java:2524)
09-03 12:22:35.838 E/SystemServiceRegistry(  906): 	at com.android.networkstack.tethering.Tethering.updateConfiguration(Tethering.java:546)
09-03 12:22:35.838 E/SystemServiceRegistry(  906): 	at com.android.networkstack.tethering.Tethering.-$$Nest$mupdateConfiguration(Tethering.java:0)
09-03 12:22:35.838 E/SystemServiceRegistry(  906): 	at com.android.networkstack.tethering.Tethering$StateReceiver.onReceive(Tethering.java:1184)
09-03 12:22:35.838 E/SystemServiceRegistry(  906): 	at android.app.LoadedApk$ReceiverDispatcher$Args.lambda$getRunnable$0(LoadedApk.java:1802)
09-03 12:22:35.838 E/SystemServiceRegistry(  906): 	at android.app.LoadedApk$ReceiverDispatcher$Args.$r8$lambda$gDuJqgxY6Zb-ifyeubKeivTLAwk(Unknown Source:0)
09-03 12:22:35.838 E/SystemServiceRegistry(  906): 	at android.app.LoadedApk$ReceiverDispatcher$Args$$ExternalSyntheticLambda0.run(Unknown Source:2)
09-03 12:22:35.838 E/SystemServiceRegistry(  906): 	at android.os.Handler.handleCallback(Handler.java:958)
09-03 12:22:35.838 E/SystemServiceRegistry(  906): 	at android.os.Handler.dispatchMessage(Handler.java:99)
09-03 12:22:35.838 E/SystemServiceRegistry(  906): 	at android.os.Looper.loopOnce(Looper.java:205)
09-03 12:22:35.838 E/SystemServiceRegistry(  906): 	at android.os.Looper.loop(Looper.java:294)
09-03 12:22:35.838 E/SystemServiceRegistry(  906): 	at android.os.HandlerThread.run(HandlerThread.java:67)
09-03 12:22:37.226 E/vold    (  172): Failed to find mounted volume for /dev/null/Android/obb/com.example.bpm_player/
09-03 12:22:37.230 E/StorageManagerService(  560): Failed to fixup app dir for com.example.bpm_player
09-03 12:22:37.230 E/StorageManagerService(  560): android.os.ServiceSpecificException:  (code -22)
09-03 12:22:37.230 E/StorageManagerService(  560): 	at android.os.Parcel.createExceptionOrNull(Parcel.java:3071)
09-03 12:22:37.230 E/StorageManagerService(  560): 	at android.os.Parcel.createException(Parcel.java:3041)
09-03 12:22:37.230 E/StorageManagerService(  560): 	at android.os.Parcel.readException(Parcel.java:3024)
09-03 12:22:37.230 E/StorageManagerService(  560): 	at android.os.Parcel.readException(Parcel.java:2966)
09-03 12:22:37.230 E/StorageManagerService(  560): 	at android.os.IVold$Stub$Proxy.fixupAppDir(IVold.java:1773)
09-03 12:22:37.230 E/StorageManagerService(  560): 	at com.android.server.StorageManagerService$StorageManagerInternalImpl.prepareAppDataAfterInstall(StorageManagerService.java:4775)
09-03 12:22:37.230 E/StorageManagerService(  560): 	at com.android.server.pm.AppDataHelper.lambda$prepareAppDataPostCommitLIF$0(AppDataHelper.java:144)
09-03 12:22:37.230 E/StorageManagerService(  560): 	at com.android.server.pm.AppDataHelper.$r8$lambda$863jxrEgvn4894ewHOscego7Z3E(AppDataHelper.java:0)
09-03 12:22:37.230 E/StorageManagerService(  560): 	at com.android.server.pm.AppDataHelper$$ExternalSyntheticLambda0.run(R8$$SyntheticClass:0)
09-03 12:22:37.230 E/StorageManagerService(  560): 	at java.util.concurrent.CompletableFuture$UniRun.tryFire(CompletableFuture.java:763)
09-03 12:22:37.230 E/StorageManagerService(  560): 	at java.util.concurrent.CompletableFuture.postComplete(CompletableFuture.java:486)
09-03 12:22:37.230 E/StorageManagerService(  560): 	at java.util.concurrent.CompletableFuture.complete(CompletableFuture.java:2123)
09-03 12:22:37.230 E/StorageManagerService(  560): 	at com.android.server.pm.Installer$Batch.execute(Installer.java:406)
09-03 12:22:37.230 E/StorageManagerService(  560): 	at com.android.server.pm.AppDataHelper.executeBatchLI(AppDataHelper.java:154)
09-03 12:22:37.230 E/StorageManagerService(  560): 	at com.android.server.pm.AppDataHelper.prepareAppDataPostCommitLIF(AppDataHelper.java:149)
09-03 12:22:37.230 E/StorageManagerService(  560): 	at com.android.server.pm.InstallPackageHelper.executePostCommitStepsLIF(InstallPackageHelper.java:2431)
09-03 12:22:37.230 E/StorageManagerService(  560): 	at com.android.server.pm.InstallPackageHelper.installPackagesLI(InstallPackageHelper.java:1037)
09-03 12:22:37.230 E/StorageManagerService(  560): 	at com.android.server.pm.InstallPackageHelper.installPackagesTraced(InstallPackageHelper.java:915)
09-03 12:22:37.230 E/StorageManagerService(  560): 	at com.android.server.pm.InstallingSession.processApkInstallRequests(InstallingSession.java:540)
09-03 12:22:37.230 E/StorageManagerService(  560): 	at com.android.server.pm.InstallingSession.processInstallRequests(InstallingSession.java:529)
09-03 12:22:37.230 E/StorageManagerService(  560): 	at com.android.server.pm.InstallingSession.lambda$processPendingInstall$0(InstallingSession.java:288)
09-03 12:22:37.230 E/StorageManagerService(  560): 	at com.android.server.pm.InstallingSession.$r8$lambda$tqRjKCgCJYNNnnY7Qw5M5BHLup8(InstallingSession.java:0)
09-03 12:22:37.230 E/StorageManagerService(  560): 	at com.android.server.pm.InstallingSession$$ExternalSyntheticLambda1.run(R8$$SyntheticClass:0)
09-03 12:22:37.230 E/StorageManagerService(  560): 	at android.os.Handler.handleCallback(Handler.java:958)
09-03 12:22:37.230 E/StorageManagerService(  560): 	at android.os.Handler.dispatchMessage(Handler.java:99)
09-03 12:22:37.230 E/StorageManagerService(  560): 	at android.os.Looper.loopOnce(Looper.java:205)
09-03 12:22:37.230 E/StorageManagerService(  560): 	at android.os.Looper.loop(Looper.java:294)
09-03 12:22:37.230 E/StorageManagerService(  560): 	at android.os.HandlerThread.run(HandlerThread.java:67)
09-03 12:22:37.230 E/StorageManagerService(  560): 	at com.android.server.ServiceThread.run(ServiceThread.java:46)
09-03 12:22:37.255 E/IPCThreadState(  560): binder thread pool (31 threads) starved for 225 ms
09-03 12:22:37.746 E/android.traceur( 1941): Not starting debugger since process cannot load the jdwp agent.
09-03 12:22:37.773 E/libprocessgroup(  560): No such cgroup attribute: /sys/fs/cgroup/uid_4294877488/cgroup.freeze
09-03 12:22:37.795 E/libprocessgroup(  560): No such cgroup attribute: /sys/fs/cgroup/uid_4294877488/cgroup.freeze
09-03 12:22:38.280 E/libprocessgroup(  560): No such cgroup attribute: /sys/fs/cgroup/uid_10192/cgroup.freeze
09-03 12:22:38.286 E/libprocessgroup(  560): No such cgroup attribute: /sys/fs/cgroup/uid_10192/cgroup.freeze
09-03 12:22:38.391 E/WifiStaIfaceAidlImpl(  560): installApfPacketFilter failed with service-specific exception: android.os.ServiceSpecificException:  (code 4)
09-03 12:22:38.394 E/WifiStaIfaceAidlImpl(  560): installApfPacketFilter failed with service-specific exception: android.os.ServiceSpecificException:  (code 4)
09-03 12:22:38.501 E/Netd    (  358): no such netId 100
09-03 12:22:38.504 E/Netd    (  358): no such netId 100
09-03 12:22:38.505 E/WifiStaIfaceAidlImpl(  560): setDtimMultiplier failed with service-specific exception: android.os.ServiceSpecificException:  (code 4)
09-03 12:22:38.837 E/StorageManagerService(  560): Failed to notify volume state changed to the Storage Service
09-03 12:22:38.837 E/StorageManagerService(  560): com.android.server.storage.StorageSessionController$ExternalStorageServiceException: Failed to notify volume state changed for vol : StorageVolume: Virtual SD card
09-03 12:22:38.837 E/StorageManagerService(  560): 	at com.android.server.storage.StorageUserConnection$ActiveConnection.notifyVolumeStateChanged(StorageUserConnection.java:420)
09-03 12:22:38.837 E/StorageManagerService(  560): 	at com.android.server.storage.StorageUserConnection.notifyVolumeStateChanged(StorageUserConnection.java:131)
09-03 12:22:38.837 E/StorageManagerService(  560): 	at com.android.server.storage.StorageSessionController.notifyVolumeStateChanged(StorageSessionController.java:158)
09-03 12:22:38.837 E/StorageManagerService(  560): 	at com.android.server.StorageManagerService.onVolumeStateChangedAsync(StorageManagerService.java:1681)
09-03 12:22:38.837 E/StorageManagerService(  560): 	at com.android.server.StorageManagerService.-$$Nest$monVolumeStateChangedAsync(StorageManagerService.java:0)
09-03 12:22:38.837 E/StorageManagerService(  560): 	at com.android.server.StorageManagerService$StorageManagerServiceHandler.handleMessage(StorageManagerService.java:804)
09-03 12:22:38.837 E/StorageManagerService(  560): 	at android.os.Handler.dispatchMessage(Handler.java:106)
09-03 12:22:38.837 E/StorageManagerService(  560): 	at android.os.Looper.loopOnce(Looper.java:205)
09-03 12:22:38.837 E/StorageManagerService(  560): 	at android.os.Looper.loop(Looper.java:294)
09-03 12:22:38.837 E/StorageManagerService(  560): 	at android.os.HandlerThread.run(HandlerThread.java:67)
09-03 12:22:38.837 E/StorageManagerService(  560): Caused by: java.util.concurrent.ExecutionException: android.os.ParcelableException: java.lang.IllegalArgumentException
09-03 12:22:38.837 E/StorageManagerService(  560): 	at java.util.concurrent.CompletableFuture.reportGet(CompletableFuture.java:372)
09-03 12:22:38.837 E/StorageManagerService(  560): 	at java.util.concurrent.CompletableFuture.get(CompletableFuture.java:2072)
09-03 12:22:38.837 E/StorageManagerService(  560): 	at com.android.server.storage.StorageUserConnection$ActiveConnection.waitForAsync(StorageUserConnection.java:379)
09-03 12:22:38.837 E/StorageManagerService(  560): 	at com.android.server.storage.StorageUserConnection$ActiveConnection.waitForAsyncVoid(StorageUserConnection.java:358)
09-03 12:22:38.837 E/StorageManagerService(  560): 	at com.android.server.storage.StorageUserConnection$ActiveConnection.notifyVolumeStateChanged(StorageUserConnection.java:417)
09-03 12:22:38.837 E/StorageManagerService(  560): 	... 9 more
09-03 12:22:38.837 E/StorageManagerService(  560): Caused by: android.os.ParcelableException: java.lang.IllegalArgumentException
09-03 12:22:38.837 E/StorageManagerService(  560): 	at android.os.ParcelableException$1.createFromParcel(ParcelableException.java:82)
09-03 12:22:38.837 E/StorageManagerService(  560): 	at android.os.ParcelableException$1.createFromParcel(ParcelableException.java:79)
09-03 12:22:38.837 E/StorageManagerService(  560): 	at android.os.Parcel.readParcelableInternal(Parcel.java:4870)
09-03 12:22:38.837 E/StorageManagerService(  560): 	at android.os.Parcel.readValue(Parcel.java:4621)
09-03 12:22:38.837 E/StorageManagerService(  560): 	at android.os.Parcel.readValue(Parcel.java:4390)
09-03 12:22:38.837 E/StorageManagerService(  560): 	at android.os.Parcel.-$$Nest$mreadValue(Unknown Source:0)
09-03 12:22:38.837 E/StorageManagerService(  560): 	at android.os.Parcel$LazyValue.apply(Parcel.java:4488)
09-03 12:22:38.837 E/StorageManagerService(  560): 	at android.os.Parcel$LazyValue.apply(Parcel.java:4447)
09-03 12:22:38.837 E/StorageManagerService(  560): 	at android.os.BaseBundle.unwrapLazyValueFromMapLocked(BaseBundle.java:415)
09-03 12:22:38.837 E/StorageManagerService(  560): 	at android.os.BaseBundle.getValueAt(BaseBundle.java:401)
09-03 12:22:38.837 E/StorageManagerService(  560): 	at android.os.BaseBundle.getValue(BaseBundle.java:381)
09-03 12:22:38.837 E/StorageManagerService(  560): 	at android.os.BaseBundle.getValue(BaseBundle.java:364)
09-03 12:22:38.837 E/StorageManagerService(  560): 	at android.os.BaseBundle.get(BaseBundle.java:737)
09-03 12:22:38.837 E/StorageManagerService(  560): 	at android.os.Bundle.getParcelable(Bundle.java:953)
09-03 12:22:38.837 E/StorageManagerService(  560): 	at com.android.server.storage.StorageUserConnection$ActiveConnection.setResult(StorageUserConnection.java:448)
09-03 12:22:38.837 E/StorageManagerService(  560): 	at com.android.server.storage.StorageUserConnection$ActiveConnection.lambda$waitForAsyncVoid$0(StorageUserConnection.java:356)
09-03 12:22:38.837 E/StorageManagerService(  560): 	at com.android.server.storage.StorageUserConnection$ActiveConnection.$r8$lambda$FEark3qKXdf7J4q76s47jPohPig(StorageUserConnection.java:0)
09-03 12:22:38.837 E/StorageManagerService(  560): 	at com.android.server.storage.StorageUserConnection$ActiveConnection$$ExternalSyntheticLambda3.onResult(R8$$SyntheticClass:0)
09-03 12:22:38.837 E/StorageManagerService(  560): 	at android.os.RemoteCallback.sendResult(RemoteCallback.java:75)
09-03 12:22:38.837 E/StorageManagerService(  560): 	at android.os.RemoteCallback$1.sendResult(RemoteCallback.java:52)
09-03 12:22:38.837 E/StorageManagerService(  560): 	at android.os.IRemoteCallback$Stub.onTransact(IRemoteCallback.java:87)
09-03 12:22:38.837 E/StorageManagerService(  560): 	at android.os.Binder.execTransactInternal(Binder.java:1344)
09-03 12:22:38.837 E/StorageManagerService(  560): 	at android.os.Binder.execTransact(Binder.java:1275)
09-03 12:22:38.837 E/StorageManagerService(  560): Caused by: java.lang.IllegalArgumentException
09-03 12:22:38.837 E/StorageManagerService(  560): 	at java.lang.reflect.Constructor.newInstance0(Native Method)
09-03 12:22:38.837 E/StorageManagerService(  560): 	at java.lang.reflect.Constructor.newInstance(Constructor.java:343)
09-03 12:22:38.837 E/StorageManagerService(  560): 	at android.os.ParcelableException.readFromParcel(ParcelableException.java:56)
09-03 12:22:38.837 E/StorageManagerService(  560): 	... 23 more
09-03 12:22:38.945 E/id.printspooler( 2002): Not starting debugger since process cannot load the jdwp agent.
09-03 12:22:39.114 E/Netd    (  358): no such netId 100
09-03 12:22:39.130 E/WifiStaIfaceAidlImpl(  560): installApfPacketFilter failed with service-specific exception: android.os.ServiceSpecificException:  (code 4)
09-03 12:22:39.131 E/ConnectivityService(  560): Exception in networkAddRouteParcel for non-gateway: android.os.ServiceSpecificException: Machine is not on the network (code 64)
09-03 12:22:39.132 E/Netd    (  358): no such netId 100
09-03 12:22:39.134 E/ConnectivityService(  560): Exception in networkAddRouteParcel for gateway: android.os.ServiceSpecificException: Machine is not on the network (code 64)
09-03 12:22:39.421 E/OpenGLRenderer(  783): Unable to match the desired swap behavior.
09-03 12:22:39.595 E/WifiStaIfaceAidlImpl(  560): installApfPacketFilter failed with service-specific exception: android.os.ServiceSpecificException:  (code 4)
09-03 12:22:39.606 E/WifiStaIfaceAidlImpl(  560): setDtimMultiplier failed with service-specific exception: android.os.ServiceSpecificException:  (code 4)
09-03 12:22:39.662 E/WifiStaIfaceAidlImpl(  560): stopRssiMonitoring failed with service-specific exception: android.os.ServiceSpecificException:  (code 5)
09-03 12:22:39.676 E/NetlinkEvent(  358): NetlinkEvent::FindParam(): Parameter 'INTERFACE' not found
09-03 12:22:39.676 E/NetlinkEvent(  358): NetlinkEvent::FindParam(): Parameter 'STATE' not found
09-03 12:22:39.676 E/NetlinkEvent(  358): NetlinkEvent::FindParam(): Parameter 'TIME_NS' not found
09-03 12:22:39.677 E/NetlinkEvent(  358): NetlinkEvent::FindParam(): Parameter 'UID' not found
09-03 12:22:39.765 E/AppOps  (  560): attributionTag VCN not declared in manifest of android
09-03 12:22:39.934 E/AppOps  (  560): attributionTag VCN not declared in manifest of android
09-03 12:22:39.957 E/FrameEvents( 1035): updateAcquireFence: Did not find frame.
09-03 12:22:40.048 E/netd    (  358): Error adding route ::/0 -> fe80::2 wlan0 to table 1016: File exists
09-03 12:22:40.104 E/RIL     (  498): Error 0 transmitting APDU: 0
09-03 12:22:40.215 E/.android.as.oss( 2081): Not starting debugger since process cannot load the jdwp agent.
09-03 12:22:40.264 E/ndroid.keychain( 2097): Not starting debugger since process cannot load the jdwp agent.
09-03 12:22:40.566 E/OpenGLRenderer(  783): Unable to match the desired swap behavior.
09-03 12:22:40.980 E/OpenGLRenderer(  783): Unable to match the desired swap behavior.
09-03 12:22:41.246 E/TelephonyProvider(  984): internal sim-specific settings backup data file does not exist. Aborting restore
09-03 12:22:41.313 E/timeinitializer( 2159): Not starting debugger since process cannot load the jdwp agent.
09-03 12:22:41.878 E/KeyguardClockSwitch(  783): No clock being shown
09-03 12:22:41.944 E/OpenGLRenderer( 1035): Unable to match the desired swap behavior.
09-03 12:22:42.498 E/AppOps  (  560): attributionTag VCN not declared in manifest of android
09-03 12:22:42.593 E/KeyguardClockSwitch(  783): No clock being shown
09-03 12:22:43.098 E/AppOps  (  560): attributionTag VCN not declared in manifest of android
09-03 12:22:43.207 E/AppOps  (  560): attributionTag VCN not declared in manifest of android
09-03 12:22:43.606 E/.apps.messaging( 2313): Not starting debugger since process cannot load the jdwp agent.
09-03 12:22:43.933 E/AiAiTextClassifier( 1462): [TextClassifierLibProviderImpl]: Failed to load webref in TcLib, keeping the existing instance
09-03 12:22:43.933 E/AiAiTextClassifier( 1462): knw: No downloadable or bundled packs are available.
09-03 12:22:43.933 E/AiAiTextClassifier( 1462): 	at kns.a(PG:19)
09-03 12:22:43.933 E/AiAiTextClassifier( 1462): 	at ims.b(PG:1)
09-03 12:22:43.933 E/AiAiTextClassifier( 1462): 	at iob.h(PG:3)
09-03 12:22:43.933 E/AiAiTextClassifier( 1462): 	at iob.a(PG:6)
09-03 12:22:43.933 E/AiAiTextClassifier( 1462): 	at ilp.g(PG:1)
09-03 12:22:43.933 E/AiAiTextClassifier( 1462): 	at ilo.run(PG:57)
09-03 12:22:43.933 E/AiAiTextClassifier( 1462): 	at java.util.concurrent.Executors$RunnableAdapter.call(Executors.java:487)
09-03 12:22:43.933 E/AiAiTextClassifier( 1462): 	at java.util.concurrent.FutureTask.run(FutureTask.java:264)
09-03 12:22:43.933 E/AiAiTextClassifier( 1462): 	at java.util.concurrent.ScheduledThreadPoolExecutor$ScheduledFutureTask.run(ScheduledThreadPoolExecutor.java:307)
09-03 12:22:43.933 E/AiAiTextClassifier( 1462): 	at java.util.concurrent.ThreadPoolExecutor.runWorker(ThreadPoolExecutor.java:1145)
09-03 12:22:43.933 E/AiAiTextClassifier( 1462): 	at java.util.concurrent.ThreadPoolExecutor$Worker.run(ThreadPoolExecutor.java:644)
09-03 12:22:43.933 E/AiAiTextClassifier( 1462): 	at dgq.run(PG:67)
09-03 12:22:43.933 E/AiAiTextClassifier( 1462): 	at java.lang.Thread.run(Thread.java:1012)
09-03 12:22:44.008 E/TaskPersister(  560): File error accessing recents directory (directory doesn't exist?).
09-03 12:22:44.247 E/.apps.wallpaper( 2350): Not starting debugger since process cannot load the jdwp agent.
09-03 12:22:44.541 E/ActivityManager(  560): ANR in com.google.android.gms.persistent
09-03 12:22:44.541 E/ActivityManager(  560): PID: 1336
09-03 12:22:44.541 E/ActivityManager(  560): Reason: Broadcast of Intent { act=android.intent.action.SIM_STATE_CHANGED flg=0x15000010 cmp=com.google.android.gms/.chimera.GmsIntentOperationService$PersistentTrustedReceiver (has extras) }
09-03 12:22:44.541 E/ActivityManager(  560): ErrorId: b6cc501c-facc-4991-ba16-3e16bab1c021
09-03 12:22:44.541 E/ActivityManager(  560): Frozen: false
09-03 12:22:44.541 E/ActivityManager(  560): Load: 0.0 / 0.0 / 0.0
09-03 12:22:44.541 E/ActivityManager(  560): ----- Output from /proc/pressure/memory -----
09-03 12:22:44.541 E/ActivityManager(  560): some avg10=0.00 avg60=0.00 avg300=0.00 total=59693
09-03 12:22:44.541 E/ActivityManager(  560): full avg10=0.00 avg60=0.00 avg300=0.00 total=21598
09-03 12:22:44.541 E/ActivityManager(  560): ----- End output from /proc/pressure/memory -----
09-03 12:22:44.541 E/ActivityManager(  560): ----- Output from /proc/pressure/cpu -----
09-03 12:22:44.541 E/ActivityManager(  560): some avg10=75.71 avg60=30.86 avg300=7.81 total=25250073
09-03 12:22:44.541 E/ActivityManager(  560): full avg10=0.00 avg60=0.00 avg300=0.00 total=0
09-03 12:22:44.541 E/ActivityManager(  560): ----- End output from /proc/pressure/cpu -----
09-03 12:22:44.541 E/ActivityManager(  560): ----- Output from /proc/pressure/io -----
09-03 12:22:44.541 E/ActivityManager(  560): some avg10=6.90 avg60=5.47 avg300=1.69 total=5855784
09-03 12:22:44.541 E/ActivityManager(  560): full avg10=0.73 avg60=2.19 avg300=0.76 total=2864142
09-03 12:22:44.541 E/ActivityManager(  560): ----- End output from /proc/pressure/io -----
09-03 12:22:44.541 E/ActivityManager(  560): 
09-03 12:22:44.541 E/ActivityManager(  560): CPU usage from 33952ms to -119ms ago (2026-09-03 12:22:09.768 to 2026-09-03 12:22:43.839):
09-03 12:22:44.541 E/ActivityManager(  560):   79% 560/system_server: 12% user + 67% kernel / faults: 55956 minor 1413 major
09-03 12:22:44.541 E/ActivityManager(  560):   22% 425/surfaceflinger: 1.4% user + 21% kernel / faults: 683 minor 6 major
09-03 12:22:44.541 E/ActivityManager(  560):   20% 402/android.hardware.graphics.composer3-service.ranchu: 0.3% user + 20% kernel / faults: 8 minor
09-03 12:22:44.541 E/ActivityManager(  560):   7.3% 464/logcat: 0.3% user + 7% kernel / faults: 3 minor
09-03 12:22:44.541 E/ActivityManager(  560):   6.8% 155/logd: 0.4% user + 6.3% kernel / faults: 1277 minor
09-03 12:22:44.541 E/ActivityManager(  560):   5.2% 440/adbd: 0.3% user + 4.8% kernel / faults: 21037 minor 2 major
09-03 12:22:44.541 E/ActivityManager(  560):   3.6% 1/init: 0% user + 3.5% kernel / faults: 1384 minor
09-03 12:22:44.541 E/ActivityManager(  560):   2.9% 421/audioserver: 0.2% user + 2.7% kernel / faults: 72 minor 6 major
09-03 12:22:44.541 E/ActivityManager(  560):   2.3% 369/android.hardware.graphics.allocator@3.0-service.ranchu: 0% user + 2.3% kernel
09-03 12:22:44.541 E/ActivityManager(  560):   2.5% 380/android.hardware.sensors-service.multihal: 0% user + 2.5% kernel / faults: 9 minor
09-03 12:22:44.541 E/ActivityManager(  560): 83% TOTAL: 10% user + 70% kernel + 1.2% iowait + 1.1% softirq
09-03 12:22:44.541 E/ActivityManager(  560): CPU usage from 60720ms to 60720ms ago (1970-01-01 00:00:00.000 to 1970-01-01 00:00:00.000) with 0% awake:
09-03 12:22:44.541 E/ActivityManager(  560): 0% TOTAL: 0% user + 0% kernel
09-03 12:22:44.699 E/RecyclerView( 2127): No layout manager attached; skipping layout
09-03 12:22:44.952 E/OpenGLRenderer( 2127): Unable to match the desired swap behavior.
09-03 12:22:45.414 E/.gms.persistent( 2433): Not starting debugger since process cannot load the jdwp agent.
09-03 12:22:45.890 E/GnssPsdsDownloader(  560): No Long-Term PSDS servers were specified in the GnssConfiguration
09-03 12:22:45.942 E/gle.android.gms( 2470): Not starting debugger since process cannot load the jdwp agent.
09-03 12:22:46.531 E/AiAiWallpaperEffectsGen( 1462): Failed to load models from assets
09-03 12:22:46.531 E/AiAiWallpaperEffectsGen( 1462): java.io.FileNotFoundException: midasnet_mobilenetv2_dptmqn_dec128_full_082421_384_384_fp16_opt.tflite
09-03 12:22:46.531 E/AiAiWallpaperEffectsGen( 1462): 	at android.content.res.AssetManager.nativeOpenAsset(Native Method)
09-03 12:22:46.531 E/AiAiWallpaperEffectsGen( 1462): 	at android.content.res.AssetManager.open(AssetManager.java:904)
09-03 12:22:46.531 E/AiAiWallpaperEffectsGen( 1462): 	at android.content.res.AssetManager.open(AssetManager.java:881)
09-03 12:22:46.531 E/AiAiWallpaperEffectsGen( 1462): 	at jfj.f(PG:1)
09-03 12:22:46.531 E/AiAiWallpaperEffectsGen( 1462): 	at jfj.e(PG:3)
09-03 12:22:46.531 E/AiAiWallpaperEffectsGen( 1462): 	at jfj.<init>(PG:4)
09-03 12:22:46.531 E/AiAiWallpaperEffectsGen( 1462): 	at bty.l(PG:90)
09-03 12:22:46.531 E/AiAiWallpaperEffectsGen( 1462): 	at bty.a(PG:213)
09-03 12:22:46.531 E/AiAiWallpaperEffectsGen( 1462): 	at qbx.a(PG:1)
09-03 12:22:46.531 E/AiAiWallpaperEffectsGen( 1462): 	at bty.l(PG:91)
09-03 12:22:46.531 E/AiAiWallpaperEffectsGen( 1462): 	at bty.a(PG:213)
09-03 12:22:46.531 E/AiAiWallpaperEffectsGen( 1462): 	at qbx.a(PG:1)
09-03 12:22:46.531 E/AiAiWallpaperEffectsGen( 1462): 	at bty.l(PG:92)
09-03 12:22:46.531 E/AiAiWallpaperEffectsGen( 1462): 	at bty.a(PG:213)
09-03 12:22:46.531 E/AiAiWallpaperEffectsGen( 1462): 	at qbx.a(PG:1)
09-03 12:22:46.531 E/AiAiWallpaperEffectsGen( 1462): 	at bty.l(PG:94)
09-03 12:22:46.531 E/AiAiWallpaperEffectsGen( 1462): 	at bty.a(PG:213)
09-03 12:22:46.531 E/AiAiWallpaperEffectsGen( 1462): 	at qbx.a(PG:1)
09-03 12:22:46.531 E/AiAiWallpaperEffectsGen( 1462): 	at bty.l(PG:95)
09-03 12:22:46.531 E/AiAiWallpaperEffectsGen( 1462): 	at bty.a(PG:213)
09-03 12:22:46.531 E/AiAiWallpaperEffectsGen( 1462): 	at qbx.a(PG:1)
09-03 12:22:46.531 E/AiAiWallpaperEffectsGen( 1462): 	at bty.h(PG:85)
09-03 12:22:46.531 E/AiAiWallpaperEffectsGen( 1462): 	at bty.a(PG:217)
09-03 12:22:46.531 E/AiAiWallpaperEffectsGen( 1462): 	at qbx.a(PG:1)
09-03 12:22:46.531 E/AiAiWallpaperEffectsGen( 1462): 	at btm.b(PG:2)
09-03 12:22:46.531 E/AiAiWallpaperEffectsGen( 1462): 	at arc.run(PG:81)
09-03 12:22:46.531 E/AiAiWallpaperEffectsGen( 1462): 	at dgq.run(PG:69)
09-03 12:22:46.531 E/AiAiWallpaperEffectsGen( 1462): 	at java.util.concurrent.Executors$RunnableAdapter.call(Executors.java:487)
09-03 12:22:46.531 E/AiAiWallpaperEffectsGen( 1462): 	at java.util.concurrent.FutureTask.run(FutureTask.java:264)
09-03 12:22:46.531 E/AiAiWallpaperEffectsGen( 1462): 	at java.util.concurrent.ScheduledThreadPoolExecutor$ScheduledFutureTask.run(ScheduledThreadPoolExecutor.java:307)
09-03 12:22:46.531 E/AiAiWallpaperEffectsGen( 1462): 	at java.util.concurrent.ThreadPoolExecutor.runWorker(ThreadPoolExecutor.java:1145)
09-03 12:22:46.531 E/AiAiWallpaperEffectsGen( 1462): 	at java.util.concurrent.ThreadPoolExecutor$Worker.run(ThreadPoolExecutor.java:644)
09-03 12:22:46.531 E/AiAiWallpaperEffectsGen( 1462): 	at dgq.run(PG:67)
09-03 12:22:46.531 E/AiAiWallpaperEffectsGen( 1462): 	at java.lang.Thread.run(Thread.java:1012)
09-03 12:22:47.123 E/StatusBarSignalPolicy(  783): Unexpected subscription 1
09-03 12:22:47.677 E/RecyclerView( 2127): No layout manager attached; skipping layout
09-03 12:22:47.722 E/OpenGLRenderer( 2127): Unable to match the desired swap behavior.
09-03 12:22:48.214 E/AwarenessClientProvider( 1724): Account associated with identity was null
09-03 12:22:48.326 E/KeyguardClockSwitch(  783): No clock being shown
09-03 12:22:48.716 E/AwarenessRouterSyncMgr( 1724): Exception while syncing fences
09-03 12:22:48.716 E/AwarenessRouterSyncMgr( 1724): java.util.concurrent.ExecutionException: java.lang.IllegalStateException: Account associated with identity was null
09-03 12:22:48.716 E/AwarenessRouterSyncMgr( 1724): 	at apxf.o(PG:6)
09-03 12:22:48.716 E/AwarenessRouterSyncMgr( 1724): 	at apxf.get(PG:4)
09-03 12:22:48.716 E/AwarenessRouterSyncMgr( 1724): 	at aqbe.a(PG:1)
09-03 12:22:48.716 E/AwarenessRouterSyncMgr( 1724): 	at apzq.q(PG:2)
09-03 12:22:48.716 E/AwarenessRouterSyncMgr( 1724): 	at mko.run(PG:1)
09-03 12:22:48.716 E/AwarenessRouterSyncMgr( 1724): 	at snd.run(PG:1)
09-03 12:22:48.716 E/AwarenessRouterSyncMgr( 1724): 	at java.util.concurrent.ThreadPoolExecutor.runWorker(ThreadPoolExecutor.java:1145)
09-03 12:22:48.716 E/AwarenessRouterSyncMgr( 1724): 	at java.util.concurrent.ThreadPoolExecutor$Worker.run(ThreadPoolExecutor.java:644)
09-03 12:22:48.716 E/AwarenessRouterSyncMgr( 1724): 	at smj.run(PG:2)
09-03 12:22:48.716 E/AwarenessRouterSyncMgr( 1724): 	at java.lang.Thread.run(Thread.java:1012)
09-03 12:22:48.716 E/AwarenessRouterSyncMgr( 1724): 	at snu.run(PG:5)
09-03 12:22:48.716 E/AwarenessRouterSyncMgr( 1724): Caused by: java.lang.IllegalStateException: Account associated with identity was null
09-03 12:22:48.716 E/AwarenessRouterSyncMgr( 1724): 	at mjv.a(PG:3)
09-03 12:22:48.716 E/AwarenessRouterSyncMgr( 1724): 	at aose.a(PG:3)
09-03 12:22:48.716 E/AwarenessRouterSyncMgr( 1724): 	at apxh.c(PG:2)
09-03 12:22:48.716 E/AwarenessRouterSyncMgr( 1724): 	at apxj.run(PG:9)
09-03 12:22:48.716 E/AwarenessRouterSyncMgr( 1724): 	... 6 more
09-03 12:22:48.804 E/SystemServiceRegistry(  906): No service published for: ethernet
09-03 12:22:48.804 E/SystemServiceRegistry(  906): android.os.ServiceManager$ServiceNotFoundException: No service published for: ethernet
09-03 12:22:48.804 E/SystemServiceRegistry(  906): 	at android.os.ServiceManager.getServiceOrThrow(ServiceManager.java:166)
09-03 12:22:48.804 E/SystemServiceRegistry(  906): 	at android.app.SystemServiceRegistry$139.createService(SystemServiceRegistry.java:1872)
09-03 12:22:48.804 E/SystemServiceRegistry(  906): 	at android.app.SystemServiceRegistry$CachedServiceFetcher.getService(SystemServiceRegistry.java:1971)
09-03 12:22:48.804 E/SystemServiceRegistry(  906): 	at android.app.SystemServiceRegistry.getSystemService(SystemServiceRegistry.java:1645)
09-03 12:22:48.804 E/SystemServiceRegistry(  906): 	at android.app.ContextImpl.getSystemService(ContextImpl.java:2212)
09-03 12:22:48.804 E/SystemServiceRegistry(  906): 	at android.content.ContextWrapper.getSystemService(ContextWrapper.java:934)
09-03 12:22:48.804 E/SystemServiceRegistry(  906): 	at com.android.networkstack.tethering.Tethering.isEthernetSupported(Tethering.java:1582)
09-03 12:22:48.804 E/SystemServiceRegistry(  906): 	at com.android.networkstack.tethering.Tethering.makeSupportedDownstreams(Tethering.java:2550)
09-03 12:22:48.804 E/SystemServiceRegistry(  906): 	at com.android.networkstack.tethering.Tethering.updateSupportedDownstreams(Tethering.java:2524)
09-03 12:22:48.804 E/SystemServiceRegistry(  906): 	at com.android.networkstack.tethering.Tethering.updateConfiguration(Tethering.java:546)
09-03 12:22:48.804 E/SystemServiceRegistry(  906): 	at com.android.networkstack.tethering.Tethering.lambda$new$3(Tethering.java:345)
09-03 12:22:48.804 E/SystemServiceRegistry(  906): 	at com.android.networkstack.tethering.Tethering.$r8$lambda$bts3FsOwVdwDhrwMjvAr9kV3Jgs(Tethering.java:0)
09-03 12:22:48.804 E/SystemServiceRegistry(  906): 	at com.android.networkstack.tethering.Tethering$$ExternalSyntheticLambda7.accept(R8$$SyntheticClass:0)
09-03 12:22:48.804 E/SystemServiceRegistry(  906): 	at com.android.networkstack.tethering.util.VersionedBroadcastListener$Receiver.onReceive(VersionedBroadcastListener.java:103)
09-03 12:22:48.804 E/SystemServiceRegistry(  906): 	at android.app.LoadedApk$ReceiverDispatcher$Args.lambda$getRunnable$0(LoadedApk.java:1802)
09-03 12:22:48.804 E/SystemServiceRegistry(  906): 	at android.app.LoadedApk$ReceiverDispatcher$Args.$r8$lambda$gDuJqgxY6Zb-ifyeubKeivTLAwk(Unknown Source:0)
09-03 12:22:48.804 E/SystemServiceRegistry(  906): 	at android.app.LoadedApk$ReceiverDispatcher$Args$$ExternalSyntheticLambda0.run(Unknown Source:2)
09-03 12:22:48.804 E/SystemServiceRegistry(  906): 	at android.os.Handler.handleCallback(Handler.java:958)
09-03 12:22:48.804 E/SystemServiceRegistry(  906): 	at android.os.Handler.dispatchMessage(Handler.java:99)
09-03 12:22:48.804 E/SystemServiceRegistry(  906): 	at android.os.Looper.loopOnce(Looper.java:205)
09-03 12:22:48.804 E/SystemServiceRegistry(  906): 	at android.os.Looper.loop(Looper.java:294)
09-03 12:22:48.804 E/SystemServiceRegistry(  906): 	at android.os.HandlerThread.run(HandlerThread.java:67)
09-03 12:22:48.839 E/SystemServiceRegistry(  906): No service published for: ethernet
09-03 12:22:48.839 E/SystemServiceRegistry(  906): android.os.ServiceManager$ServiceNotFoundException: No service published for: ethernet
09-03 12:22:48.839 E/SystemServiceRegistry(  906): 	at android.os.ServiceManager.getServiceOrThrow(ServiceManager.java:166)
09-03 12:22:48.839 E/SystemServiceRegistry(  906): 	at android.app.SystemServiceRegistry$139.createService(SystemServiceRegistry.java:1872)
09-03 12:22:48.839 E/SystemServiceRegistry(  906): 	at android.app.SystemServiceRegistry$CachedServiceFetcher.getService(SystemServiceRegistry.java:1971)
09-03 12:22:48.839 E/SystemServiceRegistry(  906): 	at android.app.SystemServiceRegistry.getSystemService(SystemServiceRegistry.java:1645)
09-03 12:22:48.839 E/SystemServiceRegistry(  906): 	at android.app.ContextImpl.getSystemService(ContextImpl.java:2212)
09-03 12:22:48.839 E/SystemServiceRegistry(  906): 	at android.content.ContextWrapper.getSystemService(ContextWrapper.java:934)
09-03 12:22:48.839 E/SystemServiceRegistry(  906): 	at com.android.networkstack.tethering.Tethering.isEthernetSupported(Tethering.java:1582)
09-03 12:22:48.839 E/SystemServiceRegistry(  906): 	at com.android.networkstack.tethering.Tethering.makeSupportedDownstreams(Tethering.java:2550)
09-03 12:22:48.839 E/SystemServiceRegistry(  906): 	at com.android.networkstack.tethering.Tethering.updateSupportedDownstreams(Tethering.java:2524)
09-03 12:22:48.839 E/SystemServiceRegistry(  906): 	at com.android.networkstack.tethering.Tethering.updateConfiguration(Tethering.java:546)
09-03 12:22:48.839 E/SystemServiceRegistry(  906): 	at com.android.networkstack.tethering.Tethering.-$$Nest$mupdateConfiguration(Tethering.java:0)
09-03 12:22:48.839 E/SystemServiceRegistry(  906): 	at com.android.networkstack.tethering.Tethering$StateReceiver.onReceive(Tethering.java:1184)
09-03 12:22:48.839 E/SystemServiceRegistry(  906): 	at android.app.LoadedApk$ReceiverDispatcher$Args.lambda$getRunnable$0(LoadedApk.java:1802)
09-03 12:22:48.839 E/SystemServiceRegistry(  906): 	at android.app.LoadedApk$ReceiverDispatcher$Args.$r8$lambda$gDuJqgxY6Zb-ifyeubKeivTLAwk(Unknown Source:0)
09-03 12:22:48.839 E/SystemServiceRegistry(  906): 	at android.app.LoadedApk$ReceiverDispatcher$Args$$ExternalSyntheticLambda0.run(Unknown Source:2)
09-03 12:22:48.839 E/SystemServiceRegistry(  906): 	at android.os.Handler.handleCallback(Handler.java:958)
09-03 12:22:48.839 E/SystemServiceRegistry(  906): 	at android.os.Handler.dispatchMessage(Handler.java:99)
09-03 12:22:48.839 E/SystemServiceRegistry(  906): 	at android.os.Looper.loopOnce(Looper.java:205)
09-03 12:22:48.839 E/SystemServiceRegistry(  906): 	at android.os.Looper.loop(Looper.java:294)
09-03 12:22:48.839 E/SystemServiceRegistry(  906): 	at android.os.HandlerThread.run(HandlerThread.java:67)
09-03 12:22:48.858 E/viceentitlement( 2646): Not starting debugger since process cannot load the jdwp agent.
09-03 12:22:48.879 E/NearbyManager(  560): Cannot stop scan with this callback because it is never registered.
09-03 12:22:49.278 E/system_server(  560): Cannot read thread CPU times for PID 560
09-03 12:22:49.628 E/MboOceController(  560): onDataConnectionStateChanged unexpected State: 1
09-03 12:22:49.634 E/WifiDataStall(  560): onDataConnectionStateChanged unexpected State: 1
09-03 12:22:49.767 E/d.process.media( 2684): Not starting debugger since process cannot load the jdwp agent.
09-03 12:22:49.796 E/KeyguardClockSwitch(  783): No clock being shown
09-03 12:22:49.971 E/CellBroadcastConfigService( 1152): fails to setCellBroadcastRanges, result = 2
09-03 12:22:50.012 E/Netd    (  358): no such netId 101
09-03 12:22:50.016 E/ConnectivityService(  560): exception in interfaceSetMtu()android.os.ServiceSpecificException: Remote I/O error (code 121)
09-03 12:22:50.019 E/Netd    (  358): no such netId 101
09-03 12:22:50.020 E/ConnectivityService(  560): Exception in networkAddRouteParcel for non-gateway: android.os.ServiceSpecificException: Machine is not on the network (code 64)
09-03 12:22:50.022 E/Netd    (  358): no such netId 101
09-03 12:22:50.022 E/ConnectivityService(  560): Exception in networkAddRouteParcel for gateway: android.os.ServiceSpecificException: Machine is not on the network (code 64)
09-03 12:22:50.333 E/rrierdefaultapp( 2715): Not starting debugger since process cannot load the jdwp agent.
09-03 12:22:50.440 E/AiAiEcho( 1462): Reading elements from Geller failed with cause
09-03 12:22:50.440 E/AiAiEcho( 1462): esy: Code: UNKNOWN, Message: Geller data fetch is not enabled
09-03 12:22:50.440 E/AiAiEcho( 1462): 	at etd.a(PG:1)
09-03 12:22:50.440 E/AiAiEcho( 1462): 	at glo.b(PG:4)
09-03 12:22:50.440 E/AiAiEcho( 1462): 	at qyc.e(PG:4)
09-03 12:22:50.440 E/AiAiEcho( 1462): 	at reo.run(PG:8)
09-03 12:22:50.440 E/AiAiEcho( 1462): 	at java.util.concurrent.Executors$RunnableAdapter.call(Executors.java:487)
09-03 12:22:50.440 E/AiAiEcho( 1462): 	at java.util.concurrent.FutureTask.run(FutureTask.java:264)
09-03 12:22:50.440 E/AiAiEcho( 1462): 	at java.util.concurrent.ScheduledThreadPoolExecutor$ScheduledFutureTask.run(ScheduledThreadPoolExecutor.java:307)
09-03 12:22:50.440 E/AiAiEcho( 1462): 	at java.util.concurrent.ThreadPoolExecutor.runWorker(ThreadPoolExecutor.java:1145)
09-03 12:22:50.440 E/AiAiEcho( 1462): 	at java.util.concurrent.ThreadPoolExecutor$Worker.run(ThreadPoolExecutor.java:644)
09-03 12:22:50.440 E/AiAiEcho( 1462): 	at dgq.run(PG:67)
09-03 12:22:50.440 E/AiAiEcho( 1462): 	at java.lang.Thread.run(Thread.java:1012)
09-03 12:22:50.543 E/ConnectivityService(  560): exception in interfaceSetMtu()android.os.ServiceSpecificException: Remote I/O error (code 121)
09-03 12:22:50.861 E/gle.android.tts( 2743): Not starting debugger since process cannot load the jdwp agent.
09-03 12:22:51.886 E/.android.chrome( 2809): Not starting debugger since process cannot load the jdwp agent.
09-03 12:22:51.917 E/e.process.gapps( 2814): Not starting debugger since process cannot load the jdwp agent.
09-03 12:22:51.951 E/droid.deskclock( 2841): Not starting debugger since process cannot load the jdwp agent.
09-03 12:22:53.575 E/AiAiEcho( 1462): EchoSearch: SettingsFetcherImpl: DB already exists.
09-03 12:22:53.893 E/elockcontroller( 2952): Not starting debugger since process cannot load the jdwp agent.
09-03 12:22:55.031 E/AggregateFuture( 2952): Got more than one input Future failure. Logging failures after the first
09-03 12:22:55.031 E/AggregateFuture( 2952): java.lang.IllegalStateException: Setup parameters does not exist!
09-03 12:22:55.031 E/AggregateFuture( 2952): 	at com.android.devicelockcontroller.policy.UserRestrictionsPolicyHandler.lambda$retrieveOptionalAlwaysOnRestrictions$4(UserRestrictionsPolicyHandler.java:164)
09-03 12:22:55.031 E/AggregateFuture( 2952): 	at com.android.devicelockcontroller.policy.UserRestrictionsPolicyHandler.$r8$lambda$hRL-2WryZNUlIlcWmeUJRllU6-Y(UserRestrictionsPolicyHandler.java:0)
09-03 12:22:55.031 E/AggregateFuture( 2952): 	at com.android.devicelockcontroller.policy.UserRestrictionsPolicyHandler$$ExternalSyntheticLambda5.call(R8$$SyntheticClass:0)
09-03 12:22:55.031 E/AggregateFuture( 2952): 	at com.google.common.util.concurrent.CombinedFuture$CallableInterruptibleTask.runInterruptibly(CombinedFuture.java:196)
09-03 12:22:55.031 E/AggregateFuture( 2952): 	at com.google.common.util.concurrent.InterruptibleTask.run(InterruptibleTask.java:74)
09-03 12:22:55.031 E/AggregateFuture( 2952): 	at android.os.Handler.handleCallback(Handler.java:958)
09-03 12:22:55.031 E/AggregateFuture( 2952): 	at android.os.Handler.dispatchMessage(Handler.java:99)
09-03 12:22:55.031 E/AggregateFuture( 2952): 	at android.os.Looper.loopOnce(Looper.java:205)
09-03 12:22:55.031 E/AggregateFuture( 2952): 	at android.os.Looper.loop(Looper.java:294)
09-03 12:22:55.031 E/AggregateFuture( 2952): 	at android.app.ActivityThread.main(ActivityThread.java:8177)
09-03 12:22:55.031 E/AggregateFuture( 2952): 	at java.lang.reflect.Method.invoke(Native Method)
09-03 12:22:55.031 E/AggregateFuture( 2952): 	at com.android.internal.os.RuntimeInit$MethodAndArgsCaller.run(RuntimeInit.java:552)
09-03 12:22:55.031 E/AggregateFuture( 2952): 	at com.android.internal.os.ZygoteInit.main(ZygoteInit.java:971)
09-03 12:22:55.112 E/MDDMetricsProcessor( 1337): MDDMetricsProcessor.processDownloadSuccess():87 nebulae-lc-artifacts is not requested
09-03 12:22:55.393 E/NanoAppLogging( 2433): Failed to begin contexthub communication
09-03 12:22:55.652 E/tflite  ( 2743): third_party/tensorflow/lite/core/subgraph.cc:903 tensor.data.raw != nullptr was not true.
09-03 12:22:56.631 E/BrdcstRcvrMsgr( 1492): SvcConn: binder null, could not send broadcast of action
09-03 12:22:56.737 E/DLObserver(  783): No WirelessCharger HAL
09-03 12:22:56.901 E/.android.dialer( 3085): Not starting debugger since process cannot load the jdwp agent.
09-03 12:22:56.934 E/WM-WorkerWrapper( 2313): Work [ id=5448d486-05f0-4fc1-83ef-f6807a0600ef, tags={ com.google.android.libraries.communications.mobileconfiguration.sync.SyncWorker, SYNC } ] failed because it threw an exception/error
09-03 12:22:56.934 E/WM-WorkerWrapper( 2313): java.util.concurrent.ExecutionException: java.lang.IllegalStateException: Must call PhenotypeContext.setContext() first
09-03 12:22:56.934 E/WM-WorkerWrapper( 2313): 	at lrv.j(PG:4)
09-03 12:22:56.934 E/WM-WorkerWrapper( 2313): 	at lrv.get(PG:3)
09-03 12:22:56.934 E/WM-WorkerWrapper( 2313): 	at lkw.run(PG:1)
09-03 12:22:56.934 E/WM-WorkerWrapper( 2313): 	at lqu.run(PG:1)
09-03 12:22:56.934 E/WM-WorkerWrapper( 2313): 	at bxfd.run(PG:1)
09-03 12:22:56.934 E/WM-WorkerWrapper( 2313): 	at java.util.concurrent.ThreadPoolExecutor.runWorker(ThreadPoolExecutor.java:1145)
09-03 12:22:56.934 E/WM-WorkerWrapper( 2313): 	at java.util.concurrent.ThreadPoolExecutor$Worker.run(ThreadPoolExecutor.java:644)
09-03 12:22:56.934 E/WM-WorkerWrapper( 2313): 	at bxef.run(PG:2)
09-03 12:22:56.934 E/WM-WorkerWrapper( 2313): 	at java.lang.Thread.run(Thread.java:1012)
09-03 12:22:56.934 E/WM-WorkerWrapper( 2313): 	at bxfj.run(PG:5)
09-03 12:22:56.934 E/WM-WorkerWrapper( 2313): Caused by: java.lang.IllegalStateException: Must call PhenotypeContext.setContext() first
09-03 12:22:56.934 E/WM-WorkerWrapper( 2313): 	at chcz.get(PG:5)
09-03 12:22:56.934 E/WM-WorkerWrapper( 2313): 	at dcqa.g(PG:1)
09-03 12:22:56.934 E/WM-WorkerWrapper( 2313): 	at com.google.android.libraries.communications.mobileconfiguration.sync.SyncWorker.a(PG:28)
09-03 12:22:56.934 E/WM-WorkerWrapper( 2313): 	at lkv.run(PG:4)
09-03 12:22:56.934 E/WM-WorkerWrapper( 2313): 	at android.os.Handler.handleCallback(Handler.java:958)
09-03 12:22:56.934 E/WM-WorkerWrapper( 2313): 	at android.os.Handler.dispatchMessage(Handler.java:99)
09-03 12:22:56.934 E/WM-WorkerWrapper( 2313): 	at android.os.Looper.loopOnce(Looper.java:205)
09-03 12:22:56.934 E/WM-WorkerWrapper( 2313): 	at android.os.Looper.loop(Looper.java:294)
09-03 12:22:56.934 E/WM-WorkerWrapper( 2313): 	at android.app.ActivityThread.main(ActivityThread.java:8177)
09-03 12:22:56.934 E/WM-WorkerWrapper( 2313): 	at java.lang.reflect.Method.invoke(Native Method)
09-03 12:22:56.934 E/WM-WorkerWrapper( 2313): 	at com.android.internal.os.RuntimeInit$MethodAndArgsCaller.run(RuntimeInit.java:552)
09-03 12:22:56.934 E/WM-WorkerWrapper( 2313): 	at com.android.internal.os.ZygoteInit.main(ZygoteInit.java:971)
09-03 12:22:58.527 E/DialerDialerBaseApplication( 3085): com.android.dialer.DialerBaseApplication.getResources:47 getResources() called before resources are initialized
09-03 12:22:58.527 E/DialerDialerBaseApplication( 3085): skt: LARGE
09-03 12:22:58.527 E/DialerDialerBaseApplication( 3085): 	at bvr.getResources(PG:6)
09-03 12:22:58.527 E/DialerDialerBaseApplication( 3085): 	at nkf.a(PG:1)
09-03 12:22:58.527 E/DialerDialerBaseApplication( 3085): 	at njs.h(Unknown Source:0)
09-03 12:22:58.527 E/DialerDialerBaseApplication( 3085): 	at nmf.d(PG:8)
09-03 12:22:58.527 E/DialerDialerBaseApplication( 3085): 	at nmi.j(PG:5)
09-03 12:22:58.527 E/DialerDialerBaseApplication( 3085): 	at nmi.handleMessage(PG:60)
09-03 12:22:58.527 E/DialerDialerBaseApplication( 3085): 	at android.os.Handler.dispatchMessage(Handler.java:102)
09-03 12:22:58.527 E/DialerDialerBaseApplication( 3085): 	at ntu.b(Unknown Source:0)
09-03 12:22:58.527 E/DialerDialerBaseApplication( 3085): 	at ntu.dispatchMessage(Unknown Source:0)
09-03 12:22:58.527 E/DialerDialerBaseApplication( 3085): 	at android.os.Looper.loopOnce(Looper.java:205)
09-03 12:22:58.527 E/DialerDialerBaseApplication( 3085): 	at android.os.Looper.loop(Looper.java:294)
09-03 12:22:58.527 E/DialerDialerBaseApplication( 3085): 	at android.os.HandlerThread.run(HandlerThread.java:67)
09-03 12:22:58.527 E/DialerDialerBaseApplication( 3085): Caused by: java.lang.IllegalStateException: Resources are not initialized yet. Do not call getResource() in constructors of injected classes
09-03 12:22:58.527 E/DialerDialerBaseApplication( 3085): 	at tqe.t(Unknown Source:7)
09-03 12:22:58.527 E/DialerDialerBaseApplication( 3085): 	at bvr.getResources(PG:2)
09-03 12:22:58.527 E/DialerDialerBaseApplication( 3085): 	... 11 more
09-03 12:22:58.612 E/YouTubeMusic( 1724): Trying to detachMediaView when it wasn't the most recent MediaView Setter
09-03 12:22:58.714 E/Widget.RecentlyPlayed( 1724): Filling bundle but recently played items are EMPTY.
09-03 12:22:58.866 E/KeyguardUpdateMonitorLog(  783): Object tried to add another callback
09-03 12:22:58.866 E/KeyguardUpdateMonitorLog(  783): java.lang.Exception: Called by
09-03 12:22:58.866 E/KeyguardUpdateMonitorLog(  783): 	at com.android.keyguard.KeyguardUpdateMonitor.registerCallback(go/retraceme 19693c2b0a8439b7183751b64d60893829dbf56dc1e08e0669fc0cfc55754948:38)
09-03 12:22:58.866 E/KeyguardUpdateMonitorLog(  783): 	at com.android.keyguard.CarrierTextManager$$ExternalSyntheticLambda0.run(go/retraceme 19693c2b0a8439b7183751b64d60893829dbf56dc1e08e0669fc0cfc55754948:35)
09-03 12:22:58.866 E/KeyguardUpdateMonitorLog(  783): 	at android.os.Handler.handleCallback(Handler.java:958)
09-03 12:22:58.866 E/KeyguardUpdateMonitorLog(  783): 	at android.os.Handler.dispatchMessage(Handler.java:99)
09-03 12:22:58.866 E/KeyguardUpdateMonitorLog(  783): 	at android.os.Looper.loopOnce(Looper.java:205)
09-03 12:22:58.866 E/KeyguardUpdateMonitorLog(  783): 	at android.os.Looper.loop(Looper.java:294)
09-03 12:22:58.866 E/KeyguardUpdateMonitorLog(  783): 	at android.app.ActivityThread.main(ActivityThread.java:8177)
09-03 12:22:58.866 E/KeyguardUpdateMonitorLog(  783): 	at java.lang.reflect.Method.invoke(Native Method)
09-03 12:22:58.866 E/KeyguardUpdateMonitorLog(  783): 	at com.android.internal.os.RuntimeInit$MethodAndArgsCaller.run(RuntimeInit.java:552)
09-03 12:22:58.866 E/KeyguardUpdateMonitorLog(  783): 	at com.android.internal.os.ZygoteInit.main(ZygoteInit.java:971)
09-03 12:22:58.867 E/KeyguardUpdateMonitorLog(  783): Object tried to add another callback
09-03 12:22:58.867 E/KeyguardUpdateMonitorLog(  783): java.lang.Exception: Called by
09-03 12:22:58.867 E/KeyguardUpdateMonitorLog(  783): 	at com.android.keyguard.KeyguardUpdateMonitor.registerCallback(go/retraceme 19693c2b0a8439b7183751b64d60893829dbf56dc1e08e0669fc0cfc55754948:38)
09-03 12:22:58.867 E/KeyguardUpdateMonitorLog(  783): 	at com.android.keyguard.CarrierTextManager$$ExternalSyntheticLambda0.run(go/retraceme 19693c2b0a8439b7183751b64d60893829dbf56dc1e08e0669fc0cfc55754948:35)
09-03 12:22:58.867 E/KeyguardUpdateMonitorLog(  783): 	at android.os.Handler.handleCallback(Handler.java:958)
09-03 12:22:58.867 E/KeyguardUpdateMonitorLog(  783): 	at android.os.Handler.dispatchMessage(Handler.java:99)
09-03 12:22:58.867 E/KeyguardUpdateMonitorLog(  783): 	at android.os.Looper.loopOnce(Looper.java:205)
09-03 12:22:58.867 E/KeyguardUpdateMonitorLog(  783): 	at android.os.Looper.loop(Looper.java:294)
09-03 12:22:58.867 E/KeyguardUpdateMonitorLog(  783): 	at android.app.ActivityThread.main(ActivityThread.java:8177)
09-03 12:22:58.867 E/KeyguardUpdateMonitorLog(  783): 	at java.lang.reflect.Method.invoke(Native Method)
09-03 12:22:58.867 E/KeyguardUpdateMonitorLog(  783): 	at com.android.internal.os.RuntimeInit$MethodAndArgsCaller.run(RuntimeInit.java:552)
09-03 12:22:58.867 E/KeyguardUpdateMonitorLog(  783): 	at com.android.internal.os.ZygoteInit.main(ZygoteInit.java:971)
09-03 12:22:59.423 E/GoogleTagManager( 1724): Invalid macro: _gtm.loadEventEnabled
09-03 12:22:59.544 E/NanoAppLogging( 2433): Failed to begin contexthub communication
09-03 12:22:59.665 E/GsaVoiceSerConnection( 1492): gsaVis null binding
09-03 12:22:59.671 E/GoogleTagManager( 1724): Invalid macro: _gtm.loadEventEnabled
09-03 12:23:00.085 E/VS.BluetoothShim( 1492): Error locating SCO method
09-03 12:23:00.085 E/VS.BluetoothShim( 1492): java.lang.NoSuchMethodException: android.bluetooth.BluetoothHeadset.startScoUsingVirtualVoiceCall [class android.bluetooth.BluetoothDevice]
09-03 12:23:00.085 E/VS.BluetoothShim( 1492): 	at java.lang.Class.getMethod(Class.java:2937)
09-03 12:23:00.085 E/VS.BluetoothShim( 1492): 	at java.lang.Class.getMethod(Class.java:2449)
09-03 12:23:00.085 E/VS.BluetoothShim( 1492): 	at com.google.android.apps.gsa.speech.audio.a.l.<clinit>(PG:1)
09-03 12:23:00.085 E/VS.BluetoothShim( 1492): 	at com.google.android.apps.gsa.speech.audio.a.i.onServiceConnected(PG:1)
09-03 12:23:00.085 E/VS.BluetoothShim( 1492): 	at android.bluetooth.BluetoothProfileConnector$3.handleMessage(BluetoothProfileConnector.java:234)
09-03 12:23:00.085 E/VS.BluetoothShim( 1492): 	at android.os.Handler.dispatchMessage(Handler.java:106)
09-03 12:23:00.085 E/VS.BluetoothShim( 1492): 	at android.os.Looper.loopOnce(Looper.java:205)
09-03 12:23:00.085 E/VS.BluetoothShim( 1492): 	at android.os.Looper.loop(Looper.java:294)
09-03 12:23:00.085 E/VS.BluetoothShim( 1492): 	at android.app.ActivityThread.main(ActivityThread.java:8177)
09-03 12:23:00.085 E/VS.BluetoothShim( 1492): 	at java.lang.reflect.Method.invoke(Native Method)
09-03 12:23:00.085 E/VS.BluetoothShim( 1492): 	at com.android.internal.os.RuntimeInit$MethodAndArgsCaller.run(RuntimeInit.java:552)
09-03 12:23:00.085 E/VS.BluetoothShim( 1492): 	at com.android.internal.os.ZygoteInit.main(ZygoteInit.java:971)
09-03 12:23:00.149 E/AlarmClock( 2841): Error loading wind down schedule
09-03 12:23:00.149 E/AlarmClock( 2841): java.lang.NullPointerException: Attempt to get length of null array
09-03 12:23:00.149 E/AlarmClock( 2841): 	at fdy.r(PG:1)
09-03 12:23:00.149 E/AlarmClock( 2841): 	at bhz.c(PG:5)
09-03 12:23:00.149 E/AlarmClock( 2841): 	at bih.doInBackground(PG:3)
09-03 12:23:00.149 E/AlarmClock( 2841): 	at android.os.AsyncTask$3.call(AsyncTask.java:394)
09-03 12:23:00.149 E/AlarmClock( 2841): 	at java.util.concurrent.FutureTask.run(FutureTask.java:264)
09-03 12:23:00.149 E/AlarmClock( 2841): 	at java.util.concurrent.ThreadPoolExecutor.runWorker(ThreadPoolExecutor.java:1145)
09-03 12:23:00.149 E/AlarmClock( 2841): 	at java.util.concurrent.ThreadPoolExecutor$Worker.run(ThreadPoolExecutor.java:644)
09-03 12:23:00.149 E/AlarmClock( 2841): 	at java.lang.Thread.run(Thread.java:1012)
09-03 12:23:00.293 E/PhFileGroupPop( 2313): Failed to add file group 
09-03 12:23:00.298 E/PhFileGroupPop( 2313): Failed to add file group 
09-03 12:23:00.298 E/PhFileGroupPop( 2313): Failed to add file group 
09-03 12:23:00.299 E/PhFileGroupPop( 2313): Failed to add file group 
09-03 12:23:00.306 E/PhFileGroupPop( 2313): Failed to add file group 
09-03 12:23:00.307 E/PhFileGroupPop( 2313): Failed to add file group 
09-03 12:23:00.308 E/PhFileGroupPop( 2313): Failed to add file group 
09-03 12:23:00.308 E/PhFileGroupPop( 2313): Failed to add file group 
09-03 12:23:00.308 E/PhFileGroupPop( 2313): Failed to add file group 
09-03 12:23:00.314 E/PhFileGroupPop( 2313): Failed to add file group 
09-03 12:23:00.315 E/PhFileGroupPop( 2313): Failed to add file group 
09-03 12:23:00.315 E/PhFileGroupPop( 2313): Failed to add file group 
09-03 12:23:00.316 E/PhFileGroupPop( 2313): Failed to add file group 
09-03 12:23:00.316 E/PhFileGroupPop( 2313): Failed to add file group 
09-03 12:23:00.316 E/PhFileGroupPop( 2313): Failed to add file group 
09-03 12:23:00.323 E/MDD     ( 2313): FileGroupManager: Trying to add expired group webref-model-local-index.
09-03 12:23:00.325 E/PhFileGroupPop( 2313): Failed to add file group
09-03 12:23:00.325 E/PhFileGroupPop( 2313): cbkc
09-03 12:23:00.325 E/PhFileGroupPop( 2313): 	at cbqx.a(PG:90)
09-03 12:23:00.325 E/PhFileGroupPop( 2313): 	at cnpq.a(PG:3)
09-03 12:23:00.325 E/PhFileGroupPop( 2313): 	at ctbg.d(PG:2)
09-03 12:23:00.325 E/PhFileGroupPop( 2313): 	at ctbi.run(PG:9)
09-03 12:23:00.325 E/PhFileGroupPop( 2313): 	at ctfm.run(PG:4)
09-03 12:23:00.325 E/PhFileGroupPop( 2313): 	at bxfd.run(PG:1)
09-03 12:23:00.325 E/PhFileGroupPop( 2313): 	at java.util.concurrent.ThreadPoolExecutor.runWorker(ThreadPoolExecutor.java:1145)
09-03 12:23:00.325 E/PhFileGroupPop( 2313): 	at java.util.concurrent.ThreadPoolExecutor$Worker.run(ThreadPoolExecutor.java:644)
09-03 12:23:00.325 E/PhFileGroupPop( 2313): 	at bxef.run(PG:2)
09-03 12:23:00.325 E/PhFileGroupPop( 2313): 	at java.lang.Thread.run(Thread.java:1012)
09-03 12:23:00.325 E/PhFileGroupPop( 2313): 	at bxfj.run(PG:5)
09-03 12:23:00.337 E/ctbc    ( 2313): RuntimeException while executing runnable ctdz{cnpz@64860cd} with executor MoreExecutors.directExecutor()
09-03 12:23:00.337 E/ctbc    ( 2313): java.lang.NullPointerException: Attempt to read from field 'java.lang.String cayk.b' on a null object reference in method 'void ccdw.b(java.lang.Object)'
09-03 12:23:00.337 E/ctbc    ( 2313): 	at ccdw.b(PG:2)
09-03 12:23:00.337 E/ctbc    ( 2313): 	at cnpz.b(PG:3)
09-03 12:23:00.337 E/ctbc    ( 2313): 	at ctdz.run(PG:6)
09-03 12:23:00.337 E/ctbc    ( 2313): 	at ctdd.execute(PG:1)
09-03 12:23:00.337 E/ctbc    ( 2313): 	at ctbc.o(PG:1)
09-03 12:23:00.337 E/ctbc    ( 2313): 	at ctbc.b(PG:5)
09-03 12:23:00.337 E/ctbc    ( 2313): 	at cteg.r(PG:2)
09-03 12:23:00.337 E/ctbc    ( 2313): 	at cnsl.k(PG:1)
09-03 12:23:00.337 E/ctbc    ( 2313): 	at ccdy.a(PG:15)
09-03 12:23:00.337 E/ctbc    ( 2313): 	at atyv.a(PG:2)
09-03 12:23:00.337 E/ctbc    ( 2313): 	at cbeo.o(PG:3)
09-03 12:23:00.337 E/ctbc    ( 2313): 	at cbeo.s(PG:1)
09-03 12:23:00.337 E/ctbc    ( 2313): 	at cbeo.g(PG:2)
09-03 12:23:00.337 E/ctbc    ( 2313): 	at ccfb.a(PG:1)
09-03 12:23:00.337 E/ctbc    ( 2313): 	at cnpm.a(PG:3)
09-03 12:23:00.337 E/ctbc    ( 2313): 	at ctfv.a(PG:1)
09-03 12:23:00.337 E/ctbc    ( 2313): 	at ctet.run(PG:4)
09-03 12:23:00.337 E/ctbc    ( 2313): 	at ctfx.run(PG:1)
09-03 12:23:00.337 E/ctbc    ( 2313): 	at bxfd.run(PG:1)
09-03 12:23:00.337 E/ctbc    ( 2313): 	at java.util.concurrent.ThreadPoolExecutor.runWorker(ThreadPoolExecutor.java:1145)
09-03 12:23:00.337 E/ctbc    ( 2313): 	at java.util.concurrent.ThreadPoolExecutor$Worker.run(ThreadPoolExecutor.java:644)
09-03 12:23:00.337 E/ctbc    ( 2313): 	at bxef.run(PG:2)
09-03 12:23:00.337 E/ctbc    ( 2313): 	at java.lang.Thread.run(Thread.java:1012)
09-03 12:23:00.337 E/ctbc    ( 2313): 	at bxfj.run(PG:5)
09-03 12:23:00.338 E/ctbc    ( 2313): RuntimeException while executing runnable ctdz{cnpz@d811c93} with executor MoreExecutors.directExecutor()
09-03 12:23:00.338 E/ctbc    ( 2313): java.lang.NullPointerException: Attempt to read from field 'java.lang.String cayk.b' on a null object reference in method 'void ccdw.b(java.lang.Object)'
09-03 12:23:00.338 E/ctbc    ( 2313): 	at ccdw.b(PG:2)
09-03 12:23:00.338 E/ctbc    ( 2313): 	at cnpz.b(PG:3)
09-03 12:23:00.338 E/ctbc    ( 2313): 	at ctdz.run(PG:6)
09-03 12:23:00.338 E/ctbc    ( 2313): 	at ctdd.execute(PG:1)
09-03 12:23:00.338 E/ctbc    ( 2313): 	at ctbc.o(PG:1)
09-03 12:23:00.338 E/ctbc    ( 2313): 	at ctbc.b(PG:5)
09-03 12:23:00.338 E/ctbc    ( 2313): 	at cteg.r(PG:2)
09-03 12:23:00.338 E/ctbc    ( 2313): 	at cnsl.k(PG:1)
09-03 12:23:00.338 E/ctbc    ( 2313): 	at ccdy.a(PG:15)
09-03 12:23:00.338 E/ctbc    ( 2313): 	at atyv.a(PG:2)
09-03 12:23:00.338 E/ctbc    ( 2313): 	at cbeo.o(PG:3)
09-03 12:23:00.338 E/ctbc    ( 2313): 	at cbeo.s(PG:1)
09-03 12:23:00.338 E/ctbc    ( 2313): 	at cbeo.g(PG:2)
09-03 12:23:00.338 E/ctbc    ( 2313): 	at ccfb.a(PG:1)
09-03 12:23:00.338 E/ctbc    ( 2313): 	at cnpm.a(PG:3)
09-03 12:23:00.338 E/ctbc    ( 2313): 	at ctfv.a(PG:1)
09-03 12:23:00.338 E/ctbc    ( 2313): 	at ctet.run(PG:4)
09-03 12:23:00.338 E/ctbc    ( 2313): 	at ctfx.run(PG:1)
09-03 12:23:00.338 E/ctbc    ( 2313): 	at bxfd.run(PG:1)
09-03 12:23:00.338 E/ctbc    ( 2313): 	at java.util.concurrent.ThreadPoolExecutor.runWorker(ThreadPoolExecutor.java:1145)
09-03 12:23:00.338 E/ctbc    ( 2313): 	at java.util.concurrent.ThreadPoolExecutor$Worker.run(ThreadPoolExecutor.java:644)
09-03 12:23:00.338 E/ctbc    ( 2313): 	at bxef.run(PG:2)
09-03 12:23:00.338 E/ctbc    ( 2313): 	at java.lang.Thread.run(Thread.java:1012)
09-03 12:23:00.338 E/ctbc    ( 2313): 	at bxfj.run(PG:5)
09-03 12:23:00.340 E/ctbc    ( 2313): RuntimeException while executing runnable ctdz{cnpz@4073cc9} with executor MoreExecutors.directExecutor()
09-03 12:23:00.340 E/ctbc    ( 2313): java.lang.NullPointerException: Attempt to read from field 'java.lang.String cayk.b' on a null object reference in method 'void ccdw.b(java.lang.Object)'
09-03 12:23:00.340 E/ctbc    ( 2313): 	at ccdw.b(PG:2)
09-03 12:23:00.340 E/ctbc    ( 2313): 	at cnpz.b(PG:3)
09-03 12:23:00.340 E/ctbc    ( 2313): 	at ctdz.run(PG:6)
09-03 12:23:00.340 E/ctbc    ( 2313): 	at ctdd.execute(PG:1)
09-03 12:23:00.340 E/ctbc    ( 2313): 	at ctbc.o(PG:1)
09-03 12:23:00.340 E/ctbc    ( 2313): 	at ctbc.b(PG:5)
09-03 12:23:00.340 E/ctbc    ( 2313): 	at cteg.r(PG:2)
09-03 12:23:00.340 E/ctbc    ( 2313): 	at cnsl.k(PG:1)
09-03 12:23:00.340 E/ctbc    ( 2313): 	at ccdy.a(PG:15)
09-03 12:23:00.340 E/ctbc    ( 2313): 	at atyv.a(PG:2)
09-03 12:23:00.340 E/ctbc    ( 2313): 	at cbeo.o(PG:3)
09-03 12:23:00.340 E/ctbc    ( 2313): 	at cbeo.s(PG:1)
09-03 12:23:00.340 E/ctbc    ( 2313): 	at cbeo.g(PG:2)
09-03 12:23:00.340 E/ctbc    ( 2313): 	at ccfb.a(PG:1)
09-03 12:23:00.340 E/ctbc    ( 2313): 	at cnpm.a(PG:3)
09-03 12:23:00.340 E/ctbc    ( 2313): 	at ctfv.a(PG:1)
09-03 12:23:00.340 E/ctbc    ( 2313): 	at ctet.run(PG:4)
09-03 12:23:00.340 E/ctbc    ( 2313): 	at ctfx.run(PG:1)
09-03 12:23:00.340 E/ctbc    ( 2313): 	at bxfd.run(PG:1)
09-03 12:23:00.340 E/ctbc    ( 2313): 	at java.util.concurrent.ThreadPoolExecutor.runWorker(ThreadPoolExecutor.java:1145)
09-03 12:23:00.340 E/ctbc    ( 2313): 	at java.util.concurrent.ThreadPoolExecutor$Worker.run(ThreadPoolExecutor.java:644)
09-03 12:23:00.340 E/ctbc    ( 2313): 	at bxef.run(PG:2)
09-03 12:23:00.340 E/ctbc    ( 2313): 	at java.lang.Thread.run(Thread.java:1012)
09-03 12:23:00.340 E/ctbc    ( 2313): 	at bxfj.run(PG:5)
09-03 12:23:00.352 E/PhFileGroupPop( 2313): Failed to add file group 
09-03 12:23:00.355 E/ctbc    ( 2313): RuntimeException while executing runnable ctdz{cnpz@40771df} with executor MoreExecutors.directExecutor()
09-03 12:23:00.355 E/ctbc    ( 2313): java.lang.NullPointerException: Attempt to read from field 'java.lang.String cayk.b' on a null object reference in method 'void ccdw.b(java.lang.Object)'
09-03 12:23:00.355 E/ctbc    ( 2313): 	at ccdw.b(PG:2)
09-03 12:23:00.355 E/ctbc    ( 2313): 	at cnpz.b(PG:3)
09-03 12:23:00.355 E/ctbc    ( 2313): 	at ctdz.run(PG:6)
09-03 12:23:00.355 E/ctbc    ( 2313): 	at ctdd.execute(PG:1)
09-03 12:23:00.355 E/ctbc    ( 2313): 	at ctbc.o(PG:1)
09-03 12:23:00.355 E/ctbc    ( 2313): 	at ctbc.b(PG:5)
09-03 12:23:00.355 E/ctbc    ( 2313): 	at cteg.r(PG:2)
09-03 12:23:00.355 E/ctbc    ( 2313): 	at cnsl.k(PG:1)
09-03 12:23:00.355 E/ctbc    ( 2313): 	at ccdy.a(PG:15)
09-03 12:23:00.355 E/ctbc    ( 2313): 	at atyv.a(PG:2)
09-03 12:23:00.355 E/ctbc    ( 2313): 	at cbeo.o(PG:3)
09-03 12:23:00.355 E/ctbc    ( 2313): 	at cbeo.s(PG:1)
09-03 12:23:00.355 E/ctbc    ( 2313): 	at cbeo.g(PG:2)
09-03 12:23:00.355 E/ctbc    ( 2313): 	at ccfb.a(PG:1)
09-03 12:23:00.355 E/ctbc    ( 2313): 	at cnpm.a(PG:3)
09-03 12:23:00.355 E/ctbc    ( 2313): 	at ctfv.a(PG:1)
09-03 12:23:00.355 E/ctbc    ( 2313): 	at ctet.run(PG:4)
09-03 12:23:00.355 E/ctbc    ( 2313): 	at ctfx.run(PG:1)
09-03 12:23:00.355 E/ctbc    ( 2313): 	at bxfd.run(PG:1)
09-03 12:23:00.355 E/ctbc    ( 2313): 	at java.util.concurrent.ThreadPoolExecutor.runWorker(ThreadPoolExecutor.java:1145)
09-03 12:23:00.355 E/ctbc    ( 2313): 	at java.util.concurrent.ThreadPoolExecutor$Worker.run(ThreadPoolExecutor.java:644)
09-03 12:23:00.355 E/ctbc    ( 2313): 	at bxef.run(PG:2)
09-03 12:23:00.355 E/ctbc    ( 2313): 	at java.lang.Thread.run(Thread.java:1012)
09-03 12:23:00.355 E/ctbc    ( 2313): 	at bxfj.run(PG:5)
09-03 12:23:00.355 E/PhFileGroupPop( 2313): Failed to add file group 
09-03 12:23:00.356 E/ctbc    ( 2313): RuntimeException while executing runnable ctdz{cnpz@287f0f5} with executor MoreExecutors.directExecutor()
09-03 12:23:00.356 E/ctbc    ( 2313): java.lang.NullPointerException: Attempt to read from field 'java.lang.String cayk.b' on a null object reference in method 'void ccdw.b(java.lang.Object)'
09-03 12:23:00.356 E/ctbc    ( 2313): 	at ccdw.b(PG:2)
09-03 12:23:00.356 E/ctbc    ( 2313): 	at cnpz.b(PG:3)
09-03 12:23:00.356 E/ctbc    ( 2313): 	at ctdz.run(PG:6)
09-03 12:23:00.356 E/ctbc    ( 2313): 	at ctdd.execute(PG:1)
09-03 12:23:00.356 E/ctbc    ( 2313): 	at ctbc.o(PG:1)
09-03 12:23:00.356 E/ctbc    ( 2313): 	at ctbc.b(PG:5)
09-03 12:23:00.356 E/ctbc    ( 2313): 	at cteg.r(PG:2)
09-03 12:23:00.356 E/ctbc    ( 2313): 	at cnsl.k(PG:1)
09-03 12:23:00.356 E/ctbc    ( 2313): 	at ccdy.a(PG:15)
09-03 12:23:00.356 E/ctbc    ( 2313): 	at atyv.a(PG:2)
09-03 12:23:00.356 E/ctbc    ( 2313): 	at cbeo.o(PG:3)
09-03 12:23:00.356 E/ctbc    ( 2313): 	at cbeo.s(PG:1)
09-03 12:23:00.356 E/ctbc    ( 2313): 	at cbeo.g(PG:2)
09-03 12:23:00.356 E/ctbc    ( 2313): 	at ccfb.a(PG:1)
09-03 12:23:00.356 E/ctbc    ( 2313): 	at cnpm.a(PG:3)
09-03 12:23:00.356 E/ctbc    ( 2313): 	at ctfv.a(PG:1)
09-03 12:23:00.356 E/ctbc    ( 2313): 	at ctet.run(PG:4)
09-03 12:23:00.356 E/ctbc    ( 2313): 	at ctfx.run(PG:1)
09-03 12:23:00.356 E/ctbc    ( 2313): 	at bxfd.run(PG:1)
09-03 12:23:00.356 E/ctbc    ( 2313): 	at java.util.concurrent.ThreadPoolExecutor.runWorker(ThreadPoolExecutor.java:1145)
09-03 12:23:00.356 E/ctbc    ( 2313): 	at java.util.concurrent.ThreadPoolExecutor$Worker.run(ThreadPoolExecutor.java:644)
09-03 12:23:00.356 E/ctbc    ( 2313): 	at bxef.run(PG:2)
09-03 12:23:00.356 E/ctbc    ( 2313): 	at java.lang.Thread.run(Thread.java:1012)
09-03 12:23:00.356 E/ctbc    ( 2313): 	at bxfj.run(PG:5)
09-03 12:23:00.358 E/ctbc    ( 2313): RuntimeException while executing runnable ctdz{cnpz@99b4cfb} with executor MoreExecutors.directExecutor()
09-03 12:23:00.358 E/ctbc    ( 2313): java.lang.NullPointerException: Attempt to read from field 'java.lang.String cayk.b' on a null object reference in method 'void ccdw.b(java.lang.Object)'
09-03 12:23:00.358 E/ctbc    ( 2313): 	at ccdw.b(PG:2)
09-03 12:23:00.358 E/ctbc    ( 2313): 	at cnpz.b(PG:3)
09-03 12:23:00.358 E/ctbc    ( 2313): 	at ctdz.run(PG:6)
09-03 12:23:00.358 E/ctbc    ( 2313): 	at ctdd.execute(PG:1)
09-03 12:23:00.358 E/ctbc    ( 2313): 	at ctbc.o(PG:1)
09-03 12:23:00.358 E/ctbc    ( 2313): 	at ctbc.b(PG:5)
09-03 12:23:00.358 E/ctbc    ( 2313): 	at cteg.r(PG:2)
09-03 12:23:00.358 E/ctbc    ( 2313): 	at cnsl.k(PG:1)
09-03 12:23:00.358 E/ctbc    ( 2313): 	at ccdy.a(PG:15)
09-03 12:23:00.358 E/ctbc    ( 2313): 	at atyv.a(PG:2)
09-03 12:23:00.358 E/ctbc    ( 2313): 	at cbeo.o(PG:3)
09-03 12:23:00.358 E/ctbc    ( 2313): 	at cbeo.s(PG:1)
09-03 12:23:00.358 E/ctbc    ( 2313): 	at cbeo.g(PG:2)
09-03 12:23:00.358 E/ctbc    ( 2313): 	at ccfb.a(PG:1)
09-03 12:23:00.358 E/ctbc    ( 2313): 	at cnpm.a(PG:3)
09-03 12:23:00.358 E/ctbc    ( 2313): 	at ctfv.a(PG:1)
09-03 12:23:00.358 E/ctbc    ( 2313): 	at ctet.run(PG:4)
09-03 12:23:00.358 E/ctbc    ( 2313): 	at ctfx.run(PG:1)
09-03 12:23:00.358 E/ctbc    ( 2313): 	at bxfd.run(PG:1)
09-03 12:23:00.358 E/ctbc    ( 2313): 	at java.util.concurrent.ThreadPoolExecutor.runWorker(ThreadPoolExecutor.java:1145)
09-03 12:23:00.358 E/ctbc    ( 2313): 	at java.util.concurrent.ThreadPoolExecutor$Worker.run(ThreadPoolExecutor.java:644)
09-03 12:23:00.358 E/ctbc    ( 2313): 	at bxef.run(PG:2)
09-03 12:23:00.358 E/ctbc    ( 2313): 	at java.lang.Thread.run(Thread.java:1012)
09-03 12:23:00.358 E/ctbc    ( 2313): 	at bxfj.run(PG:5)
09-03 12:23:00.359 E/ctbc    ( 2313): RuntimeException while executing runnable ctdz{cnpz@db3a771} with executor MoreExecutors.directExecutor()
09-03 12:23:00.359 E/ctbc    ( 2313): java.lang.NullPointerException: Attempt to read from field 'java.lang.String cayk.b' on a null object reference in method 'void ccdw.b(java.lang.Object)'
09-03 12:23:00.359 E/ctbc    ( 2313): 	at ccdw.b(PG:2)
09-03 12:23:00.359 E/ctbc    ( 2313): 	at cnpz.b(PG:3)
09-03 12:23:00.359 E/ctbc    ( 2313): 	at ctdz.run(PG:6)
09-03 12:23:00.359 E/ctbc    ( 2313): 	at ctdd.execute(PG:1)
09-03 12:23:00.359 E/ctbc    ( 2313): 	at ctbc.o(PG:1)
09-03 12:23:00.359 E/ctbc    ( 2313): 	at ctbc.b(PG:5)
09-03 12:23:00.359 E/ctbc    ( 2313): 	at cteg.r(PG:2)
09-03 12:23:00.359 E/ctbc    ( 2313): 	at cnsl.k(PG:1)
09-03 12:23:00.359 E/ctbc    ( 2313): 	at ccdy.a(PG:15)
09-03 12:23:00.359 E/ctbc    ( 2313): 	at atyv.a(PG:2)
09-03 12:23:00.359 E/ctbc    ( 2313): 	at cbeo.o(PG:3)
09-03 12:23:00.359 E/ctbc    ( 2313): 	at cbeo.s(PG:1)
09-03 12:23:00.359 E/ctbc    ( 2313): 	at cbeo.g(PG:2)
09-03 12:23:00.359 E/ctbc    ( 2313): 	at ccfb.a(PG:1)
09-03 12:23:00.359 E/ctbc    ( 2313): 	at cnpm.a(PG:3)
09-03 12:23:00.359 E/ctbc    ( 2313): 	at ctfv.a(PG:1)
09-03 12:23:00.359 E/ctbc    ( 2313): 	at ctet.run(PG:4)
09-03 12:23:00.359 E/ctbc    ( 2313): 	at ctfx.run(PG:1)
09-03 12:23:00.359 E/ctbc    ( 2313): 	at bxfd.run(PG:1)
09-03 12:23:00.359 E/ctbc    ( 2313): 	at java.util.concurrent.ThreadPoolExecutor.runWorker(ThreadPoolExecutor.java:1145)
09-03 12:23:00.359 E/ctbc    ( 2313): 	at java.util.concurrent.ThreadPoolExecutor$Worker.run(ThreadPoolExecutor.java:644)
09-03 12:23:00.359 E/ctbc    ( 2313): 	at bxef.run(PG:2)
09-03 12:23:00.359 E/ctbc    ( 2313): 	at java.lang.Thread.run(Thread.java:1012)
09-03 12:23:00.359 E/ctbc    ( 2313): 	at bxfj.run(PG:5)
09-03 12:23:00.476 E/SP.Service.AiAi( 1462): captions_i18n_v0_mandatory is opened by other clients. It will stay open until all clients close it.
09-03 12:23:00.479 E/SP.Service.AiAi( 1462): captions_i18n_v0_en-US is opened by other clients. It will stay open until all clients close it.
09-03 12:23:00.619 E/PhenotypeFlagCommitter( 3085): Retrieving snapshot for com.google.android.dialer failed
09-03 12:23:00.619 E/PhenotypeFlagCommitter( 3085): java.util.concurrent.TimeoutException: Timed out waiting for Task
09-03 12:23:00.619 E/PhenotypeFlagCommitter( 3085): 	at ofh.O(PG:7)
09-03 12:23:00.619 E/PhenotypeFlagCommitter( 3085): 	at nwm.d(PG:2)
09-03 12:23:00.619 E/PhenotypeFlagCommitter( 3085): 	at nwm.c(PG:2)
09-03 12:23:00.619 E/PhenotypeFlagCommitter( 3085): 	at htv.call(PG:66)
09-03 12:23:00.619 E/PhenotypeFlagCommitter( 3085): 	at svs.call(PG:7)
09-03 12:23:00.619 E/PhenotypeFlagCommitter( 3085): 	at syd.a(Unknown Source:2)
09-03 12:23:00.619 E/PhenotypeFlagCommitter( 3085): 	at sxh.run(PG:3)
09-03 12:23:00.619 E/PhenotypeFlagCommitter( 3085): 	at sye.run(Unknown Source:4)
09-03 12:23:00.619 E/PhenotypeFlagCommitter( 3085): 	at ocg.run(PG:1)
09-03 12:23:00.619 E/PhenotypeFlagCommitter( 3085): 	at java.util.concurrent.ThreadPoolExecutor.runWorker(ThreadPoolExecutor.java:1145)
09-03 12:23:00.619 E/PhenotypeFlagCommitter( 3085): 	at java.util.concurrent.ThreadPoolExecutor$Worker.run(ThreadPoolExecutor.java:644)
09-03 12:23:00.619 E/PhenotypeFlagCommitter( 3085): 	at oca.run(PG:19)
09-03 12:23:00.619 E/PhenotypeFlagCommitter( 3085): 	at nxu.run(PG:53)
09-03 12:23:00.619 E/PhenotypeFlagCommitter( 3085): 	at java.lang.Thread.run(Thread.java:1012)
09-03 12:23:00.619 E/PhenotypeFlagCommitter( 3085): 	at ocj.run(PG:6)
09-03 12:23:00.830 E/AiAiTextClassifier( 1462): [TcLibModelManagerImpl]: updateBackupModel: Failed to get AssetFileDescriptor from backup path: textclassifier/annotator.universal.model.
09-03 12:23:00.830 E/AiAiTextClassifier( 1462): java.io.FileNotFoundException: [AssetFileDescriptorOpener]: getAssetFileDescriptorFromPath: Model file: textclassifier/annotator.universal.model was not found.
09-03 12:23:00.830 E/AiAiTextClassifier( 1462): 	at img.a(PG:2)
09-03 12:23:00.830 E/AiAiTextClassifier( 1462): 	at inh.g(PG:1)
09-03 12:23:00.830 E/AiAiTextClassifier( 1462): 	at inh.d(PG:1)
09-03 12:23:00.830 E/AiAiTextClassifier( 1462): 	at inh.e(PG:3)
09-03 12:23:00.830 E/AiAiTextClassifier( 1462): 	at csy.b(PG:30)
09-03 12:23:00.830 E/AiAiTextClassifier( 1462): 	at ofb.run(PG:6)
09-03 12:23:00.830 E/AiAiTextClassifier( 1462): 	at java.util.concurrent.Executors$RunnableAdapter.call(Executors.java:487)
09-03 12:23:00.830 E/AiAiTextClassifier( 1462): 	at java.util.concurrent.FutureTask.run(FutureTask.java:264)
09-03 12:23:00.830 E/AiAiTextClassifier( 1462): 	at java.util.concurrent.ScheduledThreadPoolExecutor$ScheduledFutureTask.run(ScheduledThreadPoolExecutor.java:307)
09-03 12:23:00.830 E/AiAiTextClassifier( 1462): 	at java.util.concurrent.ThreadPoolExecutor.runWorker(ThreadPoolExecutor.java:1145)
09-03 12:23:00.830 E/AiAiTextClassifier( 1462): 	at java.util.concurrent.ThreadPoolExecutor$Worker.run(ThreadPoolExecutor.java:644)
09-03 12:23:00.830 E/AiAiTextClassifier( 1462): 	at dgq.run(PG:67)
09-03 12:23:00.830 E/AiAiTextClassifier( 1462): 	at java.lang.Thread.run(Thread.java:1012)
09-03 12:23:00.973 E/PhFileGroupPop( 2313): Failed to add file group 
09-03 12:23:00.973 E/MDD     ( 2313): FileGroupManager: Trying to add expired group webref-model-local-index.
09-03 12:23:00.974 E/PhFileGroupPop( 2313): Failed to add file group
09-03 12:23:00.974 E/PhFileGroupPop( 2313): cbkc
09-03 12:23:00.974 E/PhFileGroupPop( 2313): 	at cbqx.a(PG:90)
09-03 12:23:00.974 E/PhFileGroupPop( 2313): 	at cnpq.a(PG:3)
09-03 12:23:00.974 E/PhFileGroupPop( 2313): 	at ctbg.d(PG:2)
09-03 12:23:00.974 E/PhFileGroupPop( 2313): 	at ctbi.run(PG:9)
09-03 12:23:00.974 E/PhFileGroupPop( 2313): 	at ctfm.run(PG:4)
09-03 12:23:00.974 E/PhFileGroupPop( 2313): 	at bxfd.run(PG:1)
09-03 12:23:00.974 E/PhFileGroupPop( 2313): 	at java.util.concurrent.ThreadPoolExecutor.runWorker(ThreadPoolExecutor.java:1145)
09-03 12:23:00.974 E/PhFileGroupPop( 2313): 	at java.util.concurrent.ThreadPoolExecutor$Worker.run(ThreadPoolExecutor.java:644)
09-03 12:23:00.974 E/PhFileGroupPop( 2313): 	at bxef.run(PG:2)
09-03 12:23:00.974 E/PhFileGroupPop( 2313): 	at java.lang.Thread.run(Thread.java:1012)
09-03 12:23:00.974 E/PhFileGroupPop( 2313): 	at bxfj.run(PG:5)
09-03 12:23:00.976 E/PhFileGroupPop( 2313): Failed to add file group 
09-03 12:23:00.976 E/PhFileGroupPop( 2313): Failed to add file group 
09-03 12:23:00.977 E/PhFileGroupPop( 2313): Failed to add file group 
09-03 12:23:00.979 E/PhFileGroupPop( 2313): Failed to add file group 
09-03 12:23:00.979 E/PhFileGroupPop( 2313): Failed to add file group 
09-03 12:23:00.990 E/PhFileGroupPop( 2313): Failed to add file group 
09-03 12:23:00.990 E/PhFileGroupPop( 2313): Failed to add file group 
09-03 12:23:00.990 E/PhFileGroupPop( 2313): Failed to add file group 
09-03 12:23:00.990 E/PhFileGroupPop( 2313): Failed to add file group 
09-03 12:23:00.991 E/PhFileGroupPop( 2313): Failed to add file group 
09-03 12:23:00.991 E/PhFileGroupPop( 2313): Failed to add file group 
09-03 12:23:00.991 E/PhFileGroupPop( 2313): Failed to add file group 
09-03 12:23:00.991 E/PhFileGroupPop( 2313): Failed to add file group 
09-03 12:23:00.992 E/PhFileGroupPop( 2313): Failed to add file group 
09-03 12:23:01.009 E/ctbc    ( 2313): RuntimeException while executing runnable ctdz{cnpz@518a3a2} with executor MoreExecutors.directExecutor()
09-03 12:23:01.009 E/ctbc    ( 2313): java.lang.NullPointerException: Attempt to read from field 'java.lang.String cayk.b' on a null object reference in method 'void ccdw.b(java.lang.Object)'
09-03 12:23:01.009 E/ctbc    ( 2313): 	at ccdw.b(PG:2)
09-03 12:23:01.009 E/ctbc    ( 2313): 	at cnpz.b(PG:3)
09-03 12:23:01.009 E/ctbc    ( 2313): 	at ctdz.run(PG:6)
09-03 12:23:01.009 E/ctbc    ( 2313): 	at ctdd.execute(PG:1)
09-03 12:23:01.009 E/ctbc    ( 2313): 	at ctbc.o(PG:1)
09-03 12:23:01.009 E/ctbc    ( 2313): 	at ctbc.b(PG:5)
09-03 12:23:01.009 E/ctbc    ( 2313): 	at cteg.r(PG:2)
09-03 12:23:01.009 E/ctbc    ( 2313): 	at cnsl.k(PG:1)
09-03 12:23:01.009 E/ctbc    ( 2313): 	at ccdy.a(PG:15)
09-03 12:23:01.009 E/ctbc    ( 2313): 	at atyv.a(PG:2)
09-03 12:23:01.009 E/ctbc    ( 2313): 	at cbeo.o(PG:3)
09-03 12:23:01.009 E/ctbc    ( 2313): 	at cbeo.s(PG:1)
09-03 12:23:01.009 E/ctbc    ( 2313): 	at cbeo.g(PG:1)
09-03 12:23:01.009 E/ctbc    ( 2313): 	at ccfb.a(PG:1)
09-03 12:23:01.009 E/ctbc    ( 2313): 	at cnpm.a(PG:3)
09-03 12:23:01.009 E/ctbc    ( 2313): 	at ctfv.a(PG:1)
09-03 12:23:01.009 E/ctbc    ( 2313): 	at ctet.run(PG:4)
09-03 12:23:01.009 E/ctbc    ( 2313): 	at ctfx.run(PG:1)
09-03 12:23:01.009 E/ctbc    ( 2313): 	at bxfd.run(PG:1)
09-03 12:23:01.009 E/ctbc    ( 2313): 	at java.util.concurrent.ThreadPoolExecutor.runWorker(ThreadPoolExecutor.java:1145)
09-03 12:23:01.009 E/ctbc    ( 2313): 	at java.util.concurrent.ThreadPoolExecutor$Worker.run(ThreadPoolExecutor.java:644)
09-03 12:23:01.009 E/ctbc    ( 2313): 	at bxef.run(PG:2)
09-03 12:23:01.009 E/ctbc    ( 2313): 	at java.lang.Thread.run(Thread.java:1012)
09-03 12:23:01.009 E/ctbc    ( 2313): 	at bxfj.run(PG:5)
09-03 12:23:01.015 E/ctbc    ( 2313): RuntimeException while executing runnable ctdz{cnpz@deaa7f0} with executor MoreExecutors.directExecutor()
09-03 12:23:01.015 E/ctbc    ( 2313): java.lang.NullPointerException: Attempt to read from field 'java.lang.String cayk.b' on a null object reference in method 'void ccdw.b(java.lang.Object)'
09-03 12:23:01.015 E/ctbc    ( 2313): 	at ccdw.b(PG:2)
09-03 12:23:01.015 E/ctbc    ( 2313): 	at cnpz.b(PG:3)
09-03 12:23:01.015 E/ctbc    ( 2313): 	at ctdz.run(PG:6)
09-03 12:23:01.015 E/ctbc    ( 2313): 	at ctdd.execute(PG:1)
09-03 12:23:01.015 E/ctbc    ( 2313): 	at ctbc.o(PG:1)
09-03 12:23:01.015 E/ctbc    ( 2313): 	at ctbc.b(PG:5)
09-03 12:23:01.015 E/ctbc    ( 2313): 	at cteg.r(PG:2)
09-03 12:23:01.015 E/ctbc    ( 2313): 	at cnsl.k(PG:1)
09-03 12:23:01.015 E/ctbc    ( 2313): 	at ccdy.a(PG:15)
09-03 12:23:01.015 E/ctbc    ( 2313): 	at atyv.a(PG:2)
09-03 12:23:01.015 E/ctbc    ( 2313): 	at cbeo.o(PG:3)
09-03 12:23:01.015 E/ctbc    ( 2313): 	at cbeo.s(PG:1)
09-03 12:23:01.015 E/ctbc    ( 2313): 	at cbeo.g(PG:1)
09-03 12:23:01.015 E/ctbc    ( 2313): 	at ccfb.a(PG:1)
09-03 12:23:01.015 E/ctbc    ( 2313): 	at cnpm.a(PG:3)
09-03 12:23:01.015 E/ctbc    ( 2313): 	at ctfv.a(PG:1)
09-03 12:23:01.015 E/ctbc    ( 2313): 	at ctet.run(PG:4)
09-03 12:23:01.015 E/ctbc    ( 2313): 	at ctfx.run(PG:1)
09-03 12:23:01.015 E/ctbc    ( 2313): 	at bxfd.run(PG:1)
09-03 12:23:01.015 E/ctbc    ( 2313): 	at java.util.concurrent.ThreadPoolExecutor.runWorker(ThreadPoolExecutor.java:1145)
09-03 12:23:01.015 E/ctbc    ( 2313): 	at java.util.concurrent.ThreadPoolExecutor$Worker.run(ThreadPoolExecutor.java:644)
09-03 12:23:01.015 E/ctbc    ( 2313): 	at bxef.run(PG:2)
09-03 12:23:01.015 E/ctbc    ( 2313): 	at java.lang.Thread.run(Thread.java:1012)
09-03 12:23:01.015 E/ctbc    ( 2313): 	at bxfj.run(PG:5)
09-03 12:23:01.049 E/ctbc    ( 2313): RuntimeException while executing runnable ctdz{cnpz@80157ee} with executor MoreExecutors.directExecutor()
09-03 12:23:01.049 E/ctbc    ( 2313): java.lang.NullPointerException: Attempt to read from field 'java.lang.String cayk.b' on a null object reference in method 'void ccdw.b(java.lang.Object)'
09-03 12:23:01.049 E/ctbc    ( 2313): 	at ccdw.b(PG:2)
09-03 12:23:01.049 E/ctbc    ( 2313): 	at cnpz.b(PG:3)
09-03 12:23:01.049 E/ctbc    ( 2313): 	at ctdz.run(PG:6)
09-03 12:23:01.049 E/ctbc    ( 2313): 	at ctdd.execute(PG:1)
09-03 12:23:01.049 E/ctbc    ( 2313): 	at ctbc.o(PG:1)
09-03 12:23:01.049 E/ctbc    ( 2313): 	at ctbc.b(PG:5)
09-03 12:23:01.049 E/ctbc    ( 2313): 	at cteg.r(PG:2)
09-03 12:23:01.049 E/ctbc    ( 2313): 	at cnsl.k(PG:1)
09-03 12:23:01.049 E/ctbc    ( 2313): 	at ccdy.a(PG:15)
09-03 12:23:01.049 E/ctbc    ( 2313): 	at atyv.a(PG:2)
09-03 12:23:01.049 E/ctbc    ( 2313): 	at cbeo.o(PG:3)
09-03 12:23:01.049 E/ctbc    ( 2313): 	at cbeo.s(PG:1)
09-03 12:23:01.049 E/ctbc    ( 2313): 	at cbeo.g(PG:1)
09-03 12:23:01.049 E/ctbc    ( 2313): 	at ccfb.a(PG:1)
09-03 12:23:01.049 E/ctbc    ( 2313): 	at cnpm.a(PG:3)
09-03 12:23:01.049 E/ctbc    ( 2313): 	at ctfv.a(PG:1)
09-03 12:23:01.049 E/ctbc    ( 2313): 	at ctet.run(PG:4)
09-03 12:23:01.049 E/ctbc    ( 2313): 	at ctfx.run(PG:1)
09-03 12:23:01.049 E/ctbc    ( 2313): 	at bxfd.run(PG:1)
09-03 12:23:01.049 E/ctbc    ( 2313): 	at java.util.concurrent.ThreadPoolExecutor.runWorker(ThreadPoolExecutor.java:1145)
09-03 12:23:01.049 E/ctbc    ( 2313): 	at java.util.concurrent.ThreadPoolExecutor$Worker.run(ThreadPoolExecutor.java:644)
09-03 12:23:01.049 E/ctbc    ( 2313): 	at bxef.run(PG:2)
09-03 12:23:01.049 E/ctbc    ( 2313): 	at java.lang.Thread.run(Thread.java:1012)
09-03 12:23:01.049 E/ctbc    ( 2313): 	at bxfj.run(PG:5)
09-03 12:23:01.049 E/PhFileGroupPop( 2313): Failed to add file group 
09-03 12:23:01.111 E/ctbc    ( 2313): RuntimeException while executing runnable ctdz{cnpz@bea531c} with executor MoreExecutors.directExecutor()
09-03 12:23:01.111 E/ctbc    ( 2313): java.lang.NullPointerException: Attempt to read from field 'java.lang.String cayk.b' on a null object reference in method 'void ccdw.b(java.lang.Object)'
09-03 12:23:01.111 E/ctbc    ( 2313): 	at ccdw.b(PG:2)
09-03 12:23:01.111 E/ctbc    ( 2313): 	at cnpz.b(PG:3)
09-03 12:23:01.111 E/ctbc    ( 2313): 	at ctdz.run(PG:6)
09-03 12:23:01.111 E/ctbc    ( 2313): 	at ctdd.execute(PG:1)
09-03 12:23:01.111 E/ctbc    ( 2313): 	at ctbc.o(PG:1)
09-03 12:23:01.111 E/ctbc    ( 2313): 	at ctbc.b(PG:5)
09-03 12:23:01.111 E/ctbc    ( 2313): 	at cteg.r(PG:2)
09-03 12:23:01.111 E/ctbc    ( 2313): 	at cnsl.k(PG:1)
09-03 12:23:01.111 E/ctbc    ( 2313): 	at ccdy.a(PG:15)
09-03 12:23:01.111 E/ctbc    ( 2313): 	at atyv.a(PG:2)
09-03 12:23:01.111 E/ctbc    ( 2313): 	at cbeo.o(PG:3)
09-03 12:23:01.111 E/ctbc    ( 2313): 	at cbeo.s(PG:1)
09-03 12:23:01.111 E/ctbc    ( 2313): 	at cbeo.g(PG:1)
09-03 12:23:01.111 E/ctbc    ( 2313): 	at ccfb.a(PG:1)
09-03 12:23:01.111 E/ctbc    ( 2313): 	at cnpm.a(PG:3)
09-03 12:23:01.111 E/ctbc    ( 2313): 	at ctfv.a(PG:1)
09-03 12:23:01.111 E/ctbc    ( 2313): 	at ctet.run(PG:4)
09-03 12:23:01.111 E/ctbc    ( 2313): 	at ctfx.run(PG:1)
09-03 12:23:01.111 E/ctbc    ( 2313): 	at bxfd.run(PG:1)
09-03 12:23:01.111 E/ctbc    ( 2313): 	at java.util.concurrent.ThreadPoolExecutor.runWorker(ThreadPoolExecutor.java:1145)
09-03 12:23:01.111 E/ctbc    ( 2313): 	at java.util.concurrent.ThreadPoolExecutor$Worker.run(ThreadPoolExecutor.java:644)
09-03 12:23:01.111 E/ctbc    ( 2313): 	at bxef.run(PG:2)
09-03 12:23:01.111 E/ctbc    ( 2313): 	at java.lang.Thread.run(Thread.java:1012)
09-03 12:23:01.111 E/ctbc    ( 2313): 	at bxfj.run(PG:5)
09-03 12:23:01.111 E/PhFileGroupPop( 2313): Failed to add file group 
09-03 12:23:01.112 E/ctbc    ( 2313): RuntimeException while executing runnable ctdz{cnpz@d657aab} with executor MoreExecutors.directExecutor()
09-03 12:23:01.112 E/ctbc    ( 2313): java.lang.NullPointerException: Attempt to read from field 'java.lang.String cayk.b' on a null object reference in method 'void ccdw.b(java.lang.Object)'
09-03 12:23:01.112 E/ctbc    ( 2313): 	at ccdw.b(PG:2)
09-03 12:23:01.112 E/ctbc    ( 2313): 	at cnpz.b(PG:3)
09-03 12:23:01.112 E/ctbc    ( 2313): 	at ctdz.run(PG:6)
09-03 12:23:01.112 E/ctbc    ( 2313): 	at ctdd.execute(PG:1)
09-03 12:23:01.112 E/ctbc    ( 2313): 	at ctbc.o(PG:1)
09-03 12:23:01.112 E/ctbc    ( 2313): 	at ctbc.b(PG:5)
09-03 12:23:01.112 E/ctbc    ( 2313): 	at cteg.r(PG:2)
09-03 12:23:01.112 E/ctbc    ( 2313): 	at cnsl.k(PG:1)
09-03 12:23:01.112 E/ctbc    ( 2313): 	at ccdy.a(PG:15)
09-03 12:23:01.112 E/ctbc    ( 2313): 	at atyv.a(PG:2)
09-03 12:23:01.112 E/ctbc    ( 2313): 	at cbeo.o(PG:3)
09-03 12:23:01.112 E/ctbc    ( 2313): 	at cbeo.s(PG:1)
09-03 12:23:01.112 E/ctbc    ( 2313): 	at cbeo.g(PG:1)
09-03 12:23:01.112 E/ctbc    ( 2313): 	at ccfb.a(PG:1)
09-03 12:23:01.112 E/ctbc    ( 2313): 	at cnpm.a(PG:3)
09-03 12:23:01.112 E/ctbc    ( 2313): 	at ctfv.a(PG:1)
09-03 12:23:01.112 E/ctbc    ( 2313): 	at ctet.run(PG:4)
09-03 12:23:01.112 E/ctbc    ( 2313): 	at ctfx.run(PG:1)
09-03 12:23:01.112 E/ctbc    ( 2313): 	at bxfd.run(PG:1)
09-03 12:23:01.112 E/ctbc    ( 2313): 	at java.util.concurrent.ThreadPoolExecutor.runWorker(ThreadPoolExecutor.java:1145)
09-03 12:23:01.112 E/ctbc    ( 2313): 	at java.util.concurrent.ThreadPoolExecutor$Worker.run(ThreadPoolExecutor.java:644)
09-03 12:23:01.112 E/ctbc    ( 2313): 	at bxef.run(PG:2)
09-03 12:23:01.112 E/ctbc    ( 2313): 	at java.lang.Thread.run(Thread.java:1012)
09-03 12:23:01.112 E/ctbc    ( 2313): 	at bxfj.run(PG:5)
09-03 12:23:01.115 E/ctbc    ( 2313): RuntimeException while executing runnable ctdz{cnpz@47c44a1} with executor MoreExecutors.directExecutor()
09-03 12:23:01.115 E/ctbc    ( 2313): java.lang.NullPointerException: Attempt to read from field 'java.lang.String cayk.b' on a null object reference in method 'void ccdw.b(java.lang.Object)'
09-03 12:23:01.115 E/ctbc    ( 2313): 	at ccdw.b(PG:2)
09-03 12:23:01.115 E/ctbc    ( 2313): 	at cnpz.b(PG:3)
09-03 12:23:01.115 E/ctbc    ( 2313): 	at ctdz.run(PG:6)
09-03 12:23:01.115 E/ctbc    ( 2313): 	at ctdd.execute(PG:1)
09-03 12:23:01.115 E/ctbc    ( 2313): 	at ctbc.o(PG:1)
09-03 12:23:01.115 E/ctbc    ( 2313): 	at ctbc.b(PG:5)
09-03 12:23:01.115 E/ctbc    ( 2313): 	at cteg.r(PG:2)
09-03 12:23:01.115 E/ctbc    ( 2313): 	at cnsl.k(PG:1)
09-03 12:23:01.115 E/ctbc    ( 2313): 	at ccdy.a(PG:15)
09-03 12:23:01.115 E/ctbc    ( 2313): 	at atyv.a(PG:2)
09-03 12:23:01.115 E/ctbc    ( 2313): 	at cbeo.o(PG:3)
09-03 12:23:01.115 E/ctbc    ( 2313): 	at cbeo.s(PG:1)
09-03 12:23:01.115 E/ctbc    ( 2313): 	at cbeo.g(PG:1)
09-03 12:23:01.115 E/ctbc    ( 2313): 	at ccfb.a(PG:1)
09-03 12:23:01.115 E/ctbc    ( 2313): 	at cnpm.a(PG:3)
09-03 12:23:01.115 E/ctbc    ( 2313): 	at ctfv.a(PG:1)
09-03 12:23:01.115 E/ctbc    ( 2313): 	at ctet.run(PG:4)
09-03 12:23:01.115 E/ctbc    ( 2313): 	at ctfx.run(PG:1)
09-03 12:23:01.115 E/ctbc    ( 2313): 	at bxfd.run(PG:1)
09-03 12:23:01.115 E/ctbc    ( 2313): 	at java.util.concurrent.ThreadPoolExecutor.runWorker(ThreadPoolExecutor.java:1145)
09-03 12:23:01.115 E/ctbc    ( 2313): 	at java.util.concurrent.ThreadPoolExecutor$Worker.run(ThreadPoolExecutor.java:644)
09-03 12:23:01.115 E/ctbc    ( 2313): 	at bxef.run(PG:2)
09-03 12:23:01.115 E/ctbc    ( 2313): 	at java.lang.Thread.run(Thread.java:1012)
09-03 12:23:01.115 E/ctbc    ( 2313): 	at bxfj.run(PG:5)
09-03 12:23:01.125 E/ctbc    ( 2313): RuntimeException while executing runnable ctdz{cnpz@27789dd} with executor MoreExecutors.directExecutor()
09-03 12:23:01.125 E/ctbc    ( 2313): java.lang.NullPointerException: Attempt to read from field 'java.lang.String cayk.b' on a null object reference in method 'void ccdw.b(java.lang.Object)'
09-03 12:23:01.125 E/ctbc    ( 2313): 	at ccdw.b(PG:2)
09-03 12:23:01.125 E/ctbc    ( 2313): 	at cnpz.b(PG:3)
09-03 12:23:01.125 E/ctbc    ( 2313): 	at ctdz.run(PG:6)
09-03 12:23:01.125 E/ctbc    ( 2313): 	at ctdd.execute(PG:1)
09-03 12:23:01.125 E/ctbc    ( 2313): 	at ctbc.o(PG:1)
09-03 12:23:01.125 E/ctbc    ( 2313): 	at ctbc.b(PG:5)
09-03 12:23:01.125 E/ctbc    ( 2313): 	at cteg.r(PG:2)
09-03 12:23:01.125 E/ctbc    ( 2313): 	at cnsl.k(PG:1)
09-03 12:23:01.125 E/ctbc    ( 2313): 	at ccdy.a(PG:15)
09-03 12:23:01.125 E/ctbc    ( 2313): 	at atyv.a(PG:2)
09-03 12:23:01.125 E/ctbc    ( 2313): 	at cbeo.o(PG:3)
09-03 12:23:01.125 E/ctbc    ( 2313): 	at cbeo.s(PG:1)
09-03 12:23:01.125 E/ctbc    ( 2313): 	at cbeo.g(PG:1)
09-03 12:23:01.125 E/ctbc    ( 2313): 	at ccfb.a(PG:1)
09-03 12:23:01.125 E/ctbc    ( 2313): 	at cnpm.a(PG:3)
09-03 12:23:01.125 E/ctbc    ( 2313): 	at ctfv.a(PG:1)
09-03 12:23:01.125 E/ctbc    ( 2313): 	at ctet.run(PG:4)
09-03 12:23:01.125 E/ctbc    ( 2313): 	at ctfx.run(PG:1)
09-03 12:23:01.125 E/ctbc    ( 2313): 	at bxfd.run(PG:1)
09-03 12:23:01.125 E/ctbc    ( 2313): 	at java.util.concurrent.ThreadPoolExecutor.runWorker(ThreadPoolExecutor.java:1145)
09-03 12:23:01.125 E/ctbc    ( 2313): 	at java.util.concurrent.ThreadPoolExecutor$Worker.run(ThreadPoolExecutor.java:644)
09-03 12:23:01.125 E/ctbc    ( 2313): 	at bxef.run(PG:2)
09-03 12:23:01.125 E/ctbc    ( 2313): 	at java.lang.Thread.run(Thread.java:1012)
09-03 12:23:01.125 E/ctbc    ( 2313): 	at bxfj.run(PG:5)
09-03 12:23:01.300 E/GoogleTagManager( 1724): Invalid macro: _gtm.loadEventEnabled
09-03 12:23:01.539 E/Widget.RecentlyPlayed( 1724): Filling bundle but recently played items are EMPTY.
09-03 12:23:01.813 E/PhFileGroupPop( 2313): Failed to add file group 
09-03 12:23:01.815 E/PhFileGroupPop( 2313): Failed to add file group 
09-03 12:23:01.815 E/PhFileGroupPop( 2313): Failed to add file group 
09-03 12:23:01.816 E/PhFileGroupPop( 2313): Failed to add file group 
09-03 12:23:01.816 E/PhFileGroupPop( 2313): Failed to add file group 
09-03 12:23:01.816 E/PhFileGroupPop( 2313): Failed to add file group 
09-03 12:23:01.817 E/PhFileGroupPop( 2313): Failed to add file group 
09-03 12:23:01.817 E/PhFileGroupPop( 2313): Failed to add file group 
09-03 12:23:01.817 E/PhFileGroupPop( 2313): Failed to add file group 
09-03 12:23:01.817 E/PhFileGroupPop( 2313): Failed to add file group 
09-03 12:23:01.817 E/PhFileGroupPop( 2313): Failed to add file group 
09-03 12:23:01.817 E/PhFileGroupPop( 2313): Failed to add file group 
09-03 12:23:01.817 E/PhFileGroupPop( 2313): Failed to add file group 
09-03 12:23:01.817 E/PhFileGroupPop( 2313): Failed to add file group 
09-03 12:23:01.849 E/PhFileGroupPop( 2313): Failed to add file group 
09-03 12:23:01.868 E/ctbc    ( 2313): RuntimeException while executing runnable ctdz{cnpz@764f1af} with executor MoreExecutors.directExecutor()
09-03 12:23:01.868 E/ctbc    ( 2313): java.lang.NullPointerException: Attempt to read from field 'java.lang.String cayk.b' on a null object reference in method 'void ccdw.b(java.lang.Object)'
09-03 12:23:01.868 E/ctbc    ( 2313): 	at ccdw.b(PG:2)
09-03 12:23:01.868 E/ctbc    ( 2313): 	at cnpz.b(PG:3)
09-03 12:23:01.868 E/ctbc    ( 2313): 	at ctdz.run(PG:6)
09-03 12:23:01.868 E/ctbc    ( 2313): 	at ctdd.execute(PG:1)
09-03 12:23:01.868 E/ctbc    ( 2313): 	at ctbc.o(PG:1)
09-03 12:23:01.868 E/ctbc    ( 2313): 	at ctbc.b(PG:5)
09-03 12:23:01.868 E/ctbc    ( 2313): 	at cteg.r(PG:2)
09-03 12:23:01.868 E/ctbc    ( 2313): 	at cnsl.k(PG:1)
09-03 12:23:01.868 E/ctbc    ( 2313): 	at ccdy.a(PG:15)
09-03 12:23:01.868 E/ctbc    ( 2313): 	at atyv.a(PG:2)
09-03 12:23:01.868 E/ctbc    ( 2313): 	at cbeo.o(PG:3)
09-03 12:23:01.868 E/ctbc    ( 2313): 	at cbeb.a(PG:1)
09-03 12:23:01.868 E/ctbc    ( 2313): 	at cnpq.a(PG:3)
09-03 12:23:01.868 E/ctbc    ( 2313): 	at ctbg.d(PG:2)
09-03 12:23:01.868 E/ctbc    ( 2313): 	at ctbi.run(PG:9)
09-03 12:23:01.868 E/ctbc    ( 2313): 	at ctfm.run(PG:4)
09-03 12:23:01.868 E/ctbc    ( 2313): 	at bxfd.run(PG:1)
09-03 12:23:01.868 E/ctbc    ( 2313): 	at java.util.concurrent.ThreadPoolExecutor.runWorker(ThreadPoolExecutor.java:1145)
09-03 12:23:01.868 E/ctbc    ( 2313): 	at java.util.concurrent.ThreadPoolExecutor$Worker.run(ThreadPoolExecutor.java:644)
09-03 12:23:01.868 E/ctbc    ( 2313): 	at bxef.run(PG:2)
09-03 12:23:01.868 E/ctbc    ( 2313): 	at java.lang.Thread.run(Thread.java:1012)
09-03 12:23:01.868 E/ctbc    ( 2313): 	at bxfj.run(PG:5)
09-03 12:23:01.869 E/ctbc    ( 2313): RuntimeException while executing runnable ctdz{cnpz@4647d45} with executor MoreExecutors.directExecutor()
09-03 12:23:01.869 E/ctbc    ( 2313): java.lang.NullPointerException: Attempt to read from field 'java.lang.String cayk.b' on a null object reference in method 'void ccdw.b(java.lang.Object)'
09-03 12:23:01.869 E/ctbc    ( 2313): 	at ccdw.b(PG:2)
09-03 12:23:01.869 E/ctbc    ( 2313): 	at cnpz.b(PG:3)
09-03 12:23:01.869 E/ctbc    ( 2313): 	at ctdz.run(PG:6)
09-03 12:23:01.869 E/ctbc    ( 2313): 	at ctdd.execute(PG:1)
09-03 12:23:01.869 E/ctbc    ( 2313): 	at ctbc.o(PG:1)
09-03 12:23:01.869 E/ctbc    ( 2313): 	at ctbc.b(PG:5)
09-03 12:23:01.869 E/ctbc    ( 2313): 	at cteg.r(PG:2)
09-03 12:23:01.869 E/ctbc    ( 2313): 	at cnsl.k(PG:1)
09-03 12:23:01.869 E/ctbc    ( 2313): 	at ccdy.a(PG:15)
09-03 12:23:01.869 E/ctbc    ( 2313): 	at atyv.a(PG:2)
09-03 12:23:01.869 E/ctbc    ( 2313): 	at cbeo.o(PG:3)
09-03 12:23:01.869 E/ctbc    ( 2313): 	at cbeb.a(PG:1)
09-03 12:23:01.869 E/ctbc    ( 2313): 	at cnpq.a(PG:3)
09-03 12:23:01.869 E/ctbc    ( 2313): 	at ctbg.d(PG:2)
09-03 12:23:01.869 E/ctbc    ( 2313): 	at ctbi.run(PG:9)
09-03 12:23:01.869 E/ctbc    ( 2313): 	at ctfm.run(PG:4)
09-03 12:23:01.869 E/ctbc    ( 2313): 	at bxfd.run(PG:1)
09-03 12:23:01.869 E/ctbc    ( 2313): 	at java.util.concurrent.ThreadPoolExecutor.runWorker(ThreadPoolExecutor.java:1145)
09-03 12:23:01.869 E/ctbc    ( 2313): 	at java.util.concurrent.ThreadPoolExecutor$Worker.run(ThreadPoolExecutor.java:644)
09-03 12:23:01.869 E/ctbc    ( 2313): 	at bxef.run(PG:2)
09-03 12:23:01.869 E/ctbc    ( 2313): 	at java.lang.Thread.run(Thread.java:1012)
09-03 12:23:01.869 E/ctbc    ( 2313): 	at bxfj.run(PG:5)
09-03 12:23:01.869 E/ctbc    ( 2313): RuntimeException while executing runnable ctdz{cnpz@418f9cb} with executor MoreExecutors.directExecutor()
09-03 12:23:01.869 E/ctbc    ( 2313): java.lang.NullPointerException: Attempt to read from field 'java.lang.String cayk.b' on a null object reference in method 'void ccdw.b(java.lang.Object)'
09-03 12:23:01.869 E/ctbc    ( 2313): 	at ccdw.b(PG:2)
09-03 12:23:01.869 E/ctbc    ( 2313): 	at cnpz.b(PG:3)
09-03 12:23:01.869 E/ctbc    ( 2313): 	at ctdz.run(PG:6)
09-03 12:23:01.869 E/ctbc    ( 2313): 	at ctdd.execute(PG:1)
09-03 12:23:01.869 E/ctbc    ( 2313): 	at ctbc.o(PG:1)
09-03 12:23:01.869 E/ctbc    ( 2313): 	at ctbc.b(PG:5)
09-03 12:23:01.869 E/ctbc    ( 2313): 	at cteg.r(PG:2)
09-03 12:23:01.869 E/ctbc    ( 2313): 	at cnsl.k(PG:1)
09-03 12:23:01.869 E/ctbc    ( 2313): 	at ccdy.a(PG:15)
09-03 12:23:01.869 E/ctbc    ( 2313): 	at atyv.a(PG:2)
09-03 12:23:01.869 E/ctbc    ( 2313): 	at cbeo.o(PG:3)
09-03 12:23:01.869 E/ctbc    ( 2313): 	at cbeb.a(PG:1)
09-03 12:23:01.869 E/ctbc    ( 2313): 	at cnpq.a(PG:3)
09-03 12:23:01.869 E/ctbc    ( 2313): 	at ctbg.d(PG:2)
09-03 12:23:01.869 E/ctbc    ( 2313): 	at ctbi.run(PG:9)
09-03 12:23:01.869 E/ctbc    ( 2313): 	at ctfm.run(PG:4)
09-03 12:23:01.869 E/ctbc    ( 2313): 	at bxfd.run(PG:1)
09-03 12:23:01.869 E/ctbc    ( 2313): 	at java.util.concurrent.ThreadPoolExecutor.runWorker(ThreadPoolExecutor.java:1145)
09-03 12:23:01.869 E/ctbc    ( 2313): 	at java.util.concurrent.ThreadPoolExecutor$Worker.run(ThreadPoolExecutor.java:644)
09-03 12:23:01.869 E/ctbc    ( 2313): 	at bxef.run(PG:2)
09-03 12:23:01.869 E/ctbc    ( 2313): 	at java.lang.Thread.run(Thread.java:1012)
09-03 12:23:01.869 E/ctbc    ( 2313): 	at bxfj.run(PG:5)
09-03 12:23:01.869 E/PhFileGroupPop( 2313): Failed to add file group 
09-03 12:23:01.896 E/ctbc    ( 2313): RuntimeException while executing runnable ctdz{cnpz@d4a8c1} with executor MoreExecutors.directExecutor()
09-03 12:23:01.896 E/ctbc    ( 2313): java.lang.NullPointerException: Attempt to read from field 'java.lang.String cayk.b' on a null object reference in method 'void ccdw.b(java.lang.Object)'
09-03 12:23:01.896 E/ctbc    ( 2313): 	at ccdw.b(PG:2)
09-03 12:23:01.896 E/ctbc    ( 2313): 	at cnpz.b(PG:3)
09-03 12:23:01.896 E/ctbc    ( 2313): 	at ctdz.run(PG:6)
09-03 12:23:01.896 E/ctbc    ( 2313): 	at ctdd.execute(PG:1)
09-03 12:23:01.896 E/ctbc    ( 2313): 	at ctbc.o(PG:1)
09-03 12:23:01.896 E/ctbc    ( 2313): 	at ctbc.b(PG:5)
09-03 12:23:01.896 E/ctbc    ( 2313): 	at cteg.r(PG:2)
09-03 12:23:01.896 E/ctbc    ( 2313): 	at cnsl.k(PG:1)
09-03 12:23:01.896 E/ctbc    ( 2313): 	at ccdy.a(PG:15)
09-03 12:23:01.896 E/ctbc    ( 2313): 	at atyv.a(PG:2)
09-03 12:23:01.896 E/ctbc    ( 2313): 	at cbeo.o(PG:3)
09-03 12:23:01.896 E/ctbc    ( 2313): 	at cbeb.a(PG:1)
09-03 12:23:01.896 E/ctbc    ( 2313): 	at cnpq.a(PG:3)
09-03 12:23:01.896 E/ctbc    ( 2313): 	at ctbg.d(PG:2)
09-03 12:23:01.896 E/ctbc    ( 2313): 	at ctbi.run(PG:9)
09-03 12:23:01.896 E/ctbc    ( 2313): 	at ctfm.run(PG:4)
09-03 12:23:01.896 E/ctbc    ( 2313): 	at bxfd.run(PG:1)
09-03 12:23:01.896 E/ctbc    ( 2313): 	at java.util.concurrent.ThreadPoolExecutor.runWorker(ThreadPoolExecutor.java:1145)
09-03 12:23:01.896 E/ctbc    ( 2313): 	at java.util.concurrent.ThreadPoolExecutor$Worker.run(ThreadPoolExecutor.java:644)
09-03 12:23:01.896 E/ctbc    ( 2313): 	at bxef.run(PG:2)
09-03 12:23:01.896 E/ctbc    ( 2313): 	at java.lang.Thread.run(Thread.java:1012)
09-03 12:23:01.896 E/ctbc    ( 2313): 	at bxfj.run(PG:5)
09-03 12:23:01.896 E/PhFileGroupPop( 2313): Failed to add file group 
09-03 12:23:01.897 E/ctbc    ( 2313): RuntimeException while executing runnable ctdz{cnpz@4bb67a7} with executor MoreExecutors.directExecutor()
09-03 12:23:01.897 E/ctbc    ( 2313): java.lang.NullPointerException: Attempt to read from field 'java.lang.String cayk.b' on a null object reference in method 'void ccdw.b(java.lang.Object)'
09-03 12:23:01.897 E/ctbc    ( 2313): 	at ccdw.b(PG:2)
09-03 12:23:01.897 E/ctbc    ( 2313): 	at cnpz.b(PG:3)
09-03 12:23:01.897 E/ctbc    ( 2313): 	at ctdz.run(PG:6)
09-03 12:23:01.897 E/ctbc    ( 2313): 	at ctdd.execute(PG:1)
09-03 12:23:01.897 E/ctbc    ( 2313): 	at ctbc.o(PG:1)
09-03 12:23:01.897 E/ctbc    ( 2313): 	at ctbc.b(PG:5)
09-03 12:23:01.897 E/ctbc    ( 2313): 	at cteg.r(PG:2)
09-03 12:23:01.897 E/ctbc    ( 2313): 	at cnsl.k(PG:1)
09-03 12:23:01.897 E/ctbc    ( 2313): 	at ccdy.a(PG:15)
09-03 12:23:01.897 E/ctbc    ( 2313): 	at atyv.a(PG:2)
09-03 12:23:01.897 E/ctbc    ( 2313): 	at cbeo.o(PG:3)
09-03 12:23:01.897 E/ctbc    ( 2313): 	at cbeb.a(PG:1)
09-03 12:23:01.897 E/ctbc    ( 2313): 	at cnpq.a(PG:3)
09-03 12:23:01.897 E/ctbc    ( 2313): 	at ctbg.d(PG:2)
09-03 12:23:01.897 E/ctbc    ( 2313): 	at ctbi.run(PG:9)
09-03 12:23:01.897 E/ctbc    ( 2313): 	at ctfm.run(PG:4)
09-03 12:23:01.897 E/ctbc    ( 2313): 	at bxfd.run(PG:1)
09-03 12:23:01.897 E/ctbc    ( 2313): 	at java.util.concurrent.ThreadPoolExecutor.runWorker(ThreadPoolExecutor.java:1145)
09-03 12:23:01.897 E/ctbc    ( 2313): 	at java.util.concurrent.ThreadPoolExecutor$Worker.run(ThreadPoolExecutor.java:644)
09-03 12:23:01.897 E/ctbc    ( 2313): 	at bxef.run(PG:2)
09-03 12:23:01.897 E/ctbc    ( 2313): 	at java.lang.Thread.run(Thread.java:1012)
09-03 12:23:01.897 E/ctbc    ( 2313): 	at bxfj.run(PG:5)
09-03 12:23:01.899 E/ctbc    ( 2313): RuntimeException while executing runnable ctdz{cnpz@6c20ffd} with executor MoreExecutors.directExecutor()
09-03 12:23:01.899 E/ctbc    ( 2313): java.lang.NullPointerException: Attempt to read from field 'java.lang.String cayk.b' on a null object reference in method 'void ccdw.b(java.lang.Object)'
09-03 12:23:01.899 E/ctbc    ( 2313): 	at ccdw.b(PG:2)
09-03 12:23:01.899 E/ctbc    ( 2313): 	at cnpz.b(PG:3)
09-03 12:23:01.899 E/ctbc    ( 2313): 	at ctdz.run(PG:6)
09-03 12:23:01.899 E/ctbc    ( 2313): 	at ctdd.execute(PG:1)
09-03 12:23:01.899 E/ctbc    ( 2313): 	at ctbc.o(PG:1)
09-03 12:23:01.899 E/ctbc    ( 2313): 	at ctbc.b(PG:5)
09-03 12:23:01.899 E/ctbc    ( 2313): 	at cteg.r(PG:2)
09-03 12:23:01.899 E/ctbc    ( 2313): 	at cnsl.k(PG:1)
09-03 12:23:01.899 E/ctbc    ( 2313): 	at ccdy.a(PG:15)
09-03 12:23:01.899 E/ctbc    ( 2313): 	at atyv.a(PG:2)
09-03 12:23:01.899 E/ctbc    ( 2313): 	at cbeo.o(PG:3)
09-03 12:23:01.899 E/ctbc    ( 2313): 	at cbeb.a(PG:1)
09-03 12:23:01.899 E/ctbc    ( 2313): 	at cnpq.a(PG:3)
09-03 12:23:01.899 E/ctbc    ( 2313): 	at ctbg.d(PG:2)
09-03 12:23:01.899 E/ctbc    ( 2313): 	at ctbi.run(PG:9)
09-03 12:23:01.899 E/ctbc    ( 2313): 	at ctfm.run(PG:4)
09-03 12:23:01.899 E/ctbc    ( 2313): 	at bxfd.run(PG:1)
09-03 12:23:01.899 E/ctbc    ( 2313): 	at java.util.concurrent.ThreadPoolExecutor.runWorker(ThreadPoolExecutor.java:1145)
09-03 12:23:01.899 E/ctbc    ( 2313): 	at java.util.concurrent.ThreadPoolExecutor$Worker.run(ThreadPoolExecutor.java:644)
09-03 12:23:01.899 E/ctbc    ( 2313): 	at bxef.run(PG:2)
09-03 12:23:01.899 E/ctbc    ( 2313): 	at java.lang.Thread.run(Thread.java:1012)
09-03 12:23:01.899 E/ctbc    ( 2313): 	at bxfj.run(PG:5)
09-03 12:23:01.936 E/ctbc    ( 2313): RuntimeException while executing runnable ctdz{cnpz@87841b5} with executor MoreExecutors.directExecutor()
09-03 12:23:01.936 E/ctbc    ( 2313): java.lang.NullPointerException: Attempt to read from field 'java.lang.String cayk.b' on a null object reference in method 'void ccdw.b(java.lang.Object)'
09-03 12:23:01.936 E/ctbc    ( 2313): 	at ccdw.b(PG:2)
09-03 12:23:01.936 E/ctbc    ( 2313): 	at cnpz.b(PG:3)
09-03 12:23:01.936 E/ctbc    ( 2313): 	at ctdz.run(PG:6)
09-03 12:23:01.936 E/ctbc    ( 2313): 	at ctdd.execute(PG:1)
09-03 12:23:01.936 E/ctbc    ( 2313): 	at ctbc.o(PG:1)
09-03 12:23:01.936 E/ctbc    ( 2313): 	at ctbc.b(PG:5)
09-03 12:23:01.936 E/ctbc    ( 2313): 	at cteg.r(PG:2)
09-03 12:23:01.936 E/ctbc    ( 2313): 	at cnsl.k(PG:1)
09-03 12:23:01.936 E/ctbc    ( 2313): 	at ccdy.a(PG:15)
09-03 12:23:01.936 E/ctbc    ( 2313): 	at atyv.a(PG:2)
09-03 12:23:01.936 E/ctbc    ( 2313): 	at cbeo.o(PG:3)
09-03 12:23:01.936 E/ctbc    ( 2313): 	at cbeb.a(PG:1)
09-03 12:23:01.936 E/ctbc    ( 2313): 	at cnpq.a(PG:3)
09-03 12:23:01.936 E/ctbc    ( 2313): 	at ctbg.d(PG:2)
09-03 12:23:01.936 E/ctbc    ( 2313): 	at ctbi.run(PG:9)
09-03 12:23:01.936 E/ctbc    ( 2313): 	at ctfm.run(PG:4)
09-03 12:23:01.936 E/ctbc    ( 2313): 	at bxfd.run(PG:1)
09-03 12:23:01.936 E/ctbc    ( 2313): 	at java.util.concurrent.ThreadPoolExecutor.runWorker(ThreadPoolExecutor.java:1145)
09-03 12:23:01.936 E/ctbc    ( 2313): 	at java.util.concurrent.ThreadPoolExecutor$Worker.run(ThreadPoolExecutor.java:644)
09-03 12:23:01.936 E/ctbc    ( 2313): 	at bxef.run(PG:2)
09-03 12:23:01.936 E/ctbc    ( 2313): 	at java.lang.Thread.run(Thread.java:1012)
09-03 12:23:01.936 E/ctbc    ( 2313): 	at bxfj.run(PG:5)
09-03 12:23:01.955 E/MDD     ( 2313): FileGroupManager: Trying to add expired group webref-model-local-index.
09-03 12:23:01.956 E/PhFileGroupPop( 2313): Failed to add file group
09-03 12:23:01.956 E/PhFileGroupPop( 2313): cbkc
09-03 12:23:01.956 E/PhFileGroupPop( 2313): 	at cbqx.a(PG:90)
09-03 12:23:01.956 E/PhFileGroupPop( 2313): 	at cnpq.a(PG:3)
09-03 12:23:01.956 E/PhFileGroupPop( 2313): 	at ctbg.d(PG:2)
09-03 12:23:01.956 E/PhFileGroupPop( 2313): 	at ctbi.run(PG:9)
09-03 12:23:01.956 E/PhFileGroupPop( 2313): 	at ctfm.run(PG:4)
09-03 12:23:01.956 E/PhFileGroupPop( 2313): 	at bxfd.run(PG:1)
09-03 12:23:01.956 E/PhFileGroupPop( 2313): 	at java.util.concurrent.ThreadPoolExecutor.runWorker(ThreadPoolExecutor.java:1145)
09-03 12:23:01.956 E/PhFileGroupPop( 2313): 	at java.util.concurrent.ThreadPoolExecutor$Worker.run(ThreadPoolExecutor.java:644)
09-03 12:23:01.956 E/PhFileGroupPop( 2313): 	at bxef.run(PG:2)
09-03 12:23:01.956 E/PhFileGroupPop( 2313): 	at java.lang.Thread.run(Thread.java:1012)
09-03 12:23:01.956 E/PhFileGroupPop( 2313): 	at bxfj.run(PG:5)
09-03 12:23:02.017 E/NanoAppLogging( 2433): Failed to begin contexthub communication
09-03 12:23:02.076 E/PhFileGroupPop( 2313): Failed to add file group 
09-03 12:23:02.083 E/PhFileGroupPop( 2313): Failed to add file group 
09-03 12:23:02.084 E/PhFileGroupPop( 2313): Failed to add file group 
09-03 12:23:02.084 E/PhFileGroupPop( 2313): Failed to add file group 
09-03 12:23:02.084 E/PhFileGroupPop( 2313): Failed to add file group 
09-03 12:23:02.085 E/PhFileGroupPop( 2313): Failed to add file group 
09-03 12:23:02.085 E/PhFileGroupPop( 2313): Failed to add file group 
09-03 12:23:02.088 E/PhFileGroupPop( 2313): Failed to add file group 
09-03 12:23:02.088 E/PhFileGroupPop( 2313): Failed to add file group 
09-03 12:23:02.089 E/PhFileGroupPop( 2313): Failed to add file group 
09-03 12:23:02.089 E/PhFileGroupPop( 2313): Failed to add file group 
09-03 12:23:02.091 E/PhFileGroupPop( 2313): Failed to add file group 
09-03 12:23:02.092 E/PhFileGroupPop( 2313): Failed to add file group 
09-03 12:23:02.092 E/PhFileGroupPop( 2313): Failed to add file group 
09-03 12:23:02.093 E/PhFileGroupPop( 2313): Failed to add file group 
09-03 12:23:02.098 E/ctbc    ( 2313): RuntimeException while executing runnable ctdz{cnpz@76c5ffa} with executor MoreExecutors.directExecutor()
09-03 12:23:02.098 E/ctbc    ( 2313): java.lang.NullPointerException: Attempt to read from field 'java.lang.String cayk.b' on a null object reference in method 'void ccdw.b(java.lang.Object)'
09-03 12:23:02.098 E/ctbc    ( 2313): 	at ccdw.b(PG:2)
09-03 12:23:02.098 E/ctbc    ( 2313): 	at cnpz.b(PG:3)
09-03 12:23:02.098 E/ctbc    ( 2313): 	at ctdz.run(PG:6)
09-03 12:23:02.098 E/ctbc    ( 2313): 	at ctdd.execute(PG:1)
09-03 12:23:02.098 E/ctbc    ( 2313): 	at ctbc.o(PG:1)
09-03 12:23:02.098 E/ctbc    ( 2313): 	at ctbc.b(PG:5)
09-03 12:23:02.098 E/ctbc    ( 2313): 	at cteg.r(PG:2)
09-03 12:23:02.098 E/ctbc    ( 2313): 	at cnsl.k(PG:1)
09-03 12:23:02.098 E/ctbc    ( 2313): 	at ccdy.a(PG:15)
09-03 12:23:02.098 E/ctbc    ( 2313): 	at atyv.a(PG:2)
09-03 12:23:02.098 E/ctbc    ( 2313): 	at cbeo.o(PG:3)
09-03 12:23:02.098 E/ctbc    ( 2313): 	at cbeb.a(PG:1)
09-03 12:23:02.098 E/ctbc    ( 2313): 	at cnpq.a(PG:3)
09-03 12:23:02.098 E/ctbc    ( 2313): 	at ctbg.d(PG:2)
09-03 12:23:02.098 E/ctbc    ( 2313): 	at ctbi.run(PG:9)
09-03 12:23:02.098 E/ctbc    ( 2313): 	at ctfm.run(PG:4)
09-03 12:23:02.098 E/ctbc    ( 2313): 	at bxfd.run(PG:1)
09-03 12:23:02.098 E/ctbc    ( 2313): 	at java.util.concurrent.ThreadPoolExecutor.runWorker(ThreadPoolExecutor.java:1145)
09-03 12:23:02.098 E/ctbc    ( 2313): 	at java.util.concurrent.ThreadPoolExecutor$Worker.run(ThreadPoolExecutor.java:644)
09-03 12:23:02.098 E/ctbc    ( 2313): 	at bxef.run(PG:2)
09-03 12:23:02.098 E/ctbc    ( 2313): 	at java.lang.Thread.run(Thread.java:1012)
09-03 12:23:02.098 E/ctbc    ( 2313): 	at bxfj.run(PG:5)
09-03 12:23:02.099 E/ctbc    ( 2313): RuntimeException while executing runnable ctdz{cnpz@13fd808} with executor MoreExecutors.directExecutor()
09-03 12:23:02.099 E/ctbc    ( 2313): java.lang.NullPointerException: Attempt to read from field 'java.lang.String cayk.b' on a null object reference in method 'void ccdw.b(java.lang.Object)'
09-03 12:23:02.099 E/ctbc    ( 2313): 	at ccdw.b(PG:2)
09-03 12:23:02.099 E/ctbc    ( 2313): 	at cnpz.b(PG:3)
09-03 12:23:02.099 E/ctbc    ( 2313): 	at ctdz.run(PG:6)
09-03 12:23:02.099 E/ctbc    ( 2313): 	at ctdd.execute(PG:1)
09-03 12:23:02.099 E/ctbc    ( 2313): 	at ctbc.o(PG:1)
09-03 12:23:02.099 E/ctbc    ( 2313): 	at ctbc.b(PG:5)
09-03 12:23:02.099 E/ctbc    ( 2313): 	at cteg.r(PG:2)
09-03 12:23:02.099 E/ctbc    ( 2313): 	at cnsl.k(PG:1)
09-03 12:23:02.099 E/ctbc    ( 2313): 	at ccdy.a(PG:15)
09-03 12:23:02.099 E/ctbc    ( 2313): 	at atyv.a(PG:2)
09-03 12:23:02.099 E/ctbc    ( 2313): 	at cbeo.o(PG:3)
09-03 12:23:02.099 E/ctbc    ( 2313): 	at cbeb.a(PG:1)
09-03 12:23:02.099 E/ctbc    ( 2313): 	at cnpq.a(PG:3)
09-03 12:23:02.099 E/ctbc    ( 2313): 	at ctbg.d(PG:2)
09-03 12:23:02.099 E/ctbc    ( 2313): 	at ctbi.run(PG:9)
09-03 12:23:02.099 E/ctbc    ( 2313): 	at ctfm.run(PG:4)
09-03 12:23:02.099 E/ctbc    ( 2313): 	at bxfd.run(PG:1)
09-03 12:23:02.099 E/ctbc    ( 2313): 	at java.util.concurrent.ThreadPoolExecutor.runWorker(ThreadPoolExecutor.java:1145)
09-03 12:23:02.099 E/ctbc    ( 2313): 	at java.util.concurrent.ThreadPoolExecutor$Worker.run(ThreadPoolExecutor.java:644)
09-03 12:23:02.099 E/ctbc    ( 2313): 	at bxef.run(PG:2)
09-03 12:23:02.099 E/ctbc    ( 2313): 	at java.lang.Thread.run(Thread.java:1012)
09-03 12:23:02.099 E/ctbc    ( 2313): 	at bxfj.run(PG:5)
09-03 12:23:02.100 E/ctbc    ( 2313): RuntimeException while executing runnable ctdz{cnpz@41081c6} with executor MoreExecutors.directExecutor()
09-03 12:23:02.100 E/ctbc    ( 2313): java.lang.NullPointerException: Attempt to read from field 'java.lang.String cayk.b' on a null object reference in method 'void ccdw.b(java.lang.Object)'
09-03 12:23:02.100 E/ctbc    ( 2313): 	at ccdw.b(PG:2)
09-03 12:23:02.100 E/ctbc    ( 2313): 	at cnpz.b(PG:3)
09-03 12:23:02.100 E/ctbc    ( 2313): 	at ctdz.run(PG:6)
09-03 12:23:02.100 E/ctbc    ( 2313): 	at ctdd.execute(PG:1)
09-03 12:23:02.100 E/ctbc    ( 2313): 	at ctbc.o(PG:1)
09-03 12:23:02.100 E/ctbc    ( 2313): 	at ctbc.b(PG:5)
09-03 12:23:02.100 E/ctbc    ( 2313): 	at cteg.r(PG:2)
09-03 12:23:02.100 E/ctbc    ( 2313): 	at cnsl.k(PG:1)
09-03 12:23:02.100 E/ctbc    ( 2313): 	at ccdy.a(PG:15)
09-03 12:23:02.100 E/ctbc    ( 2313): 	at atyv.a(PG:2)
09-03 12:23:02.100 E/ctbc    ( 2313): 	at cbeo.o(PG:3)
09-03 12:23:02.100 E/ctbc    ( 2313): 	at cbeb.a(PG:1)
09-03 12:23:02.100 E/ctbc    ( 2313): 	at cnpq.a(PG:3)
09-03 12:23:02.100 E/ctbc    ( 2313): 	at ctbg.d(PG:2)
09-03 12:23:02.100 E/ctbc    ( 2313): 	at ctbi.run(PG:9)
09-03 12:23:02.100 E/ctbc    ( 2313): 	at ctfm.run(PG:4)
09-03 12:23:02.100 E/ctbc    ( 2313): 	at bxfd.run(PG:1)
09-03 12:23:02.100 E/ctbc    ( 2313): 	at java.util.concurrent.ThreadPoolExecutor.runWorker(ThreadPoolExecutor.java:1145)
09-03 12:23:02.100 E/ctbc    ( 2313): 	at java.util.concurrent.ThreadPoolExecutor$Worker.run(ThreadPoolExecutor.java:644)
09-03 12:23:02.100 E/ctbc    ( 2313): 	at bxef.run(PG:2)
09-03 12:23:02.100 E/ctbc    ( 2313): 	at java.lang.Thread.run(Thread.java:1012)
09-03 12:23:02.100 E/ctbc    ( 2313): 	at bxfj.run(PG:5)
09-03 12:23:02.100 E/PhFileGroupPop( 2313): Failed to add file group 
09-03 12:23:02.101 E/ctbc    ( 2313): RuntimeException while executing runnable ctdz{cnpz@7fe6cb4} with executor MoreExecutors.directExecutor()
09-03 12:23:02.101 E/ctbc    ( 2313): java.lang.NullPointerException: Attempt to read from field 'java.lang.String cayk.b' on a null object reference in method 'void ccdw.b(java.lang.Object)'
09-03 12:23:02.101 E/ctbc    ( 2313): 	at ccdw.b(PG:2)
09-03 12:23:02.101 E/ctbc    ( 2313): 	at cnpz.b(PG:3)
09-03 12:23:02.101 E/ctbc    ( 2313): 	at ctdz.run(PG:6)
09-03 12:23:02.101 E/ctbc    ( 2313): 	at ctdd.execute(PG:1)
09-03 12:23:02.101 E/ctbc    ( 2313): 	at ctbc.o(PG:1)
09-03 12:23:02.101 E/ctbc    ( 2313): 	at ctbc.b(PG:5)
09-03 12:23:02.101 E/ctbc    ( 2313): 	at cteg.r(PG:2)
09-03 12:23:02.101 E/ctbc    ( 2313): 	at cnsl.k(PG:1)
09-03 12:23:02.101 E/ctbc    ( 2313): 	at ccdy.a(PG:15)
09-03 12:23:02.101 E/ctbc    ( 2313): 	at atyv.a(PG:2)
09-03 12:23:02.101 E/ctbc    ( 2313): 	at cbeo.o(PG:3)
09-03 12:23:02.101 E/ctbc    ( 2313): 	at cbeb.a(PG:1)
09-03 12:23:02.101 E/ctbc    ( 2313): 	at cnpq.a(PG:3)
09-03 12:23:02.101 E/ctbc    ( 2313): 	at ctbg.d(PG:2)
09-03 12:23:02.101 E/ctbc    ( 2313): 	at ctbi.run(PG:9)
09-03 12:23:02.101 E/ctbc    ( 2313): 	at ctfm.run(PG:4)
09-03 12:23:02.101 E/ctbc    ( 2313): 	at bxfd.run(PG:1)
09-03 12:23:02.101 E/ctbc    ( 2313): 	at java.util.concurrent.ThreadPoolExecutor.runWorker(ThreadPoolExecutor.java:1145)
09-03 12:23:02.101 E/ctbc    ( 2313): 	at java.util.concurrent.ThreadPoolExecutor$Worker.run(ThreadPoolExecutor.java:644)
09-03 12:23:02.101 E/ctbc    ( 2313): 	at bxef.run(PG:2)
09-03 12:23:02.101 E/ctbc    ( 2313): 	at java.lang.Thread.run(Thread.java:1012)
09-03 12:23:02.101 E/ctbc    ( 2313): 	at bxfj.run(PG:5)
09-03 12:23:02.101 E/PhFileGroupPop( 2313): Failed to add file group 
09-03 12:23:02.102 E/ctbc    ( 2313): RuntimeException while executing runnable ctdz{cnpz@a82f452} with executor MoreExecutors.directExecutor()
09-03 12:23:02.102 E/ctbc    ( 2313): java.lang.NullPointerException: Attempt to read from field 'java.lang.String cayk.b' on a null object reference in method 'void ccdw.b(java.lang.Object)'
09-03 12:23:02.102 E/ctbc    ( 2313): 	at ccdw.b(PG:2)
09-03 12:23:02.102 E/ctbc    ( 2313): 	at cnpz.b(PG:3)
09-03 12:23:02.102 E/ctbc    ( 2313): 	at ctdz.run(PG:6)
09-03 12:23:02.102 E/ctbc    ( 2313): 	at ctdd.execute(PG:1)
09-03 12:23:02.102 E/ctbc    ( 2313): 	at ctbc.o(PG:1)
09-03 12:23:02.102 E/ctbc    ( 2313): 	at ctbc.b(PG:5)
09-03 12:23:02.102 E/ctbc    ( 2313): 	at cteg.r(PG:2)
09-03 12:23:02.102 E/ctbc    ( 2313): 	at cnsl.k(PG:1)
09-03 12:23:02.102 E/ctbc    ( 2313): 	at ccdy.a(PG:15)
09-03 12:23:02.102 E/ctbc    ( 2313): 	at atyv.a(PG:2)
09-03 12:23:02.102 E/ctbc    ( 2313): 	at cbeo.o(PG:3)
09-03 12:23:02.102 E/ctbc    ( 2313): 	at cbeb.a(PG:1)
09-03 12:23:02.102 E/ctbc    ( 2313): 	at cnpq.a(PG:3)
09-03 12:23:02.102 E/ctbc    ( 2313): 	at ctbg.d(PG:2)
09-03 12:23:02.102 E/ctbc    ( 2313): 	at ctbi.run(PG:9)
09-03 12:23:02.102 E/ctbc    ( 2313): 	at ctfm.run(PG:4)
09-03 12:23:02.102 E/ctbc    ( 2313): 	at bxfd.run(PG:1)
09-03 12:23:02.102 E/ctbc    ( 2313): 	at java.util.concurrent.ThreadPoolExecutor.runWorker(ThreadPoolExecutor.java:1145)
09-03 12:23:02.102 E/ctbc    ( 2313): 	at java.util.concurrent.ThreadPoolExecutor$Worker.run(ThreadPoolExecutor.java:644)
09-03 12:23:02.102 E/ctbc    ( 2313): 	at bxef.run(PG:2)
09-03 12:23:02.102 E/ctbc    ( 2313): 	at java.lang.Thread.run(Thread.java:1012)
09-03 12:23:02.102 E/ctbc    ( 2313): 	at bxfj.run(PG:5)
09-03 12:23:02.107 E/ctbc    ( 2313): RuntimeException while executing runnable ctdz{cnpz@a6fa020} with executor MoreExecutors.directExecutor()
09-03 12:23:02.107 E/ctbc    ( 2313): java.lang.NullPointerException: Attempt to read from field 'java.lang.String cayk.b' on a null object reference in method 'void ccdw.b(java.lang.Object)'
09-03 12:23:02.107 E/ctbc    ( 2313): 	at ccdw.b(PG:2)
09-03 12:23:02.107 E/ctbc    ( 2313): 	at cnpz.b(PG:3)
09-03 12:23:02.107 E/ctbc    ( 2313): 	at ctdz.run(PG:6)
09-03 12:23:02.107 E/ctbc    ( 2313): 	at ctdd.execute(PG:1)
09-03 12:23:02.107 E/ctbc    ( 2313): 	at ctbc.o(PG:1)
09-03 12:23:02.107 E/ctbc    ( 2313): 	at ctbc.b(PG:5)
09-03 12:23:02.107 E/ctbc    ( 2313): 	at cteg.r(PG:2)
09-03 12:23:02.107 E/ctbc    ( 2313): 	at cnsl.k(PG:1)
09-03 12:23:02.107 E/ctbc    ( 2313): 	at ccdy.a(PG:15)
09-03 12:23:02.107 E/ctbc    ( 2313): 	at atyv.a(PG:2)
09-03 12:23:02.107 E/ctbc    ( 2313): 	at cbeo.o(PG:3)
09-03 12:23:02.107 E/ctbc    ( 2313): 	at cbeb.a(PG:1)
09-03 12:23:02.107 E/ctbc    ( 2313): 	at cnpq.a(PG:3)
09-03 12:23:02.107 E/ctbc    ( 2313): 	at ctbg.d(PG:2)
09-03 12:23:02.107 E/ctbc    ( 2313): 	at ctbi.run(PG:9)
09-03 12:23:02.107 E/ctbc    ( 2313): 	at ctfm.run(PG:4)
09-03 12:23:02.107 E/ctbc    ( 2313): 	at bxfd.run(PG:1)
09-03 12:23:02.107 E/ctbc    ( 2313): 	at java.util.concurrent.ThreadPoolExecutor.runWorker(ThreadPoolExecutor.java:1145)
09-03 12:23:02.107 E/ctbc    ( 2313): 	at java.util.concurrent.ThreadPoolExecutor$Worker.run(ThreadPoolExecutor.java:644)
09-03 12:23:02.107 E/ctbc    ( 2313): 	at bxef.run(PG:2)
09-03 12:23:02.107 E/ctbc    ( 2313): 	at java.lang.Thread.run(Thread.java:1012)
09-03 12:23:02.107 E/ctbc    ( 2313): 	at bxfj.run(PG:5)
09-03 12:23:02.107 E/ctbc    ( 2313): RuntimeException while executing runnable ctdz{cnpz@638039e} with executor MoreExecutors.directExecutor()
09-03 12:23:02.107 E/ctbc    ( 2313): java.lang.NullPointerException: Attempt to read from field 'java.lang.String cayk.b' on a null object reference in method 'void ccdw.b(java.lang.Object)'
09-03 12:23:02.107 E/ctbc    ( 2313): 	at ccdw.b(PG:2)
09-03 12:23:02.107 E/ctbc    ( 2313): 	at cnpz.b(PG:3)
09-03 12:23:02.107 E/ctbc    ( 2313): 	at ctdz.run(PG:6)
09-03 12:23:02.107 E/ctbc    ( 2313): 	at ctdd.execute(PG:1)
09-03 12:23:02.107 E/ctbc    ( 2313): 	at ctbc.o(PG:1)
09-03 12:23:02.107 E/ctbc    ( 2313): 	at ctbc.b(PG:5)
09-03 12:23:02.107 E/ctbc    ( 2313): 	at cteg.r(PG:2)
09-03 12:23:02.107 E/ctbc    ( 2313): 	at cnsl.k(PG:1)
09-03 12:23:02.107 E/ctbc    ( 2313): 	at ccdy.a(PG:15)
09-03 12:23:02.107 E/ctbc    ( 2313): 	at atyv.a(PG:2)
09-03 12:23:02.107 E/ctbc    ( 2313): 	at cbeo.o(PG:3)
09-03 12:23:02.107 E/ctbc    ( 2313): 	at cbeb.a(PG:1)
09-03 12:23:02.107 E/ctbc    ( 2313): 	at cnpq.a(PG:3)
09-03 12:23:02.107 E/ctbc    ( 2313): 	at ctbg.d(PG:2)
09-03 12:23:02.107 E/ctbc    ( 2313): 	at ctbi.run(PG:9)
09-03 12:23:02.107 E/ctbc    ( 2313): 	at ctfm.run(PG:4)
09-03 12:23:02.107 E/ctbc    ( 2313): 	at bxfd.run(PG:1)
09-03 12:23:02.107 E/ctbc    ( 2313): 	at java.util.concurrent.ThreadPoolExecutor.runWorker(ThreadPoolExecutor.java:1145)
09-03 12:23:02.107 E/ctbc    ( 2313): 	at java.util.concurrent.ThreadPoolExecutor$Worker.run(ThreadPoolExecutor.java:644)
09-03 12:23:02.107 E/ctbc    ( 2313): 	at bxef.run(PG:2)
09-03 12:23:02.107 E/ctbc    ( 2313): 	at java.lang.Thread.run(Thread.java:1012)
09-03 12:23:02.107 E/ctbc    ( 2313): 	at bxfj.run(PG:5)
09-03 12:23:02.110 E/MDD     ( 2313): FileGroupManager: Trying to add expired group webref-model-local-index.
09-03 12:23:02.110 E/PhFileGroupPop( 2313): Failed to add file group
09-03 12:23:02.110 E/PhFileGroupPop( 2313): cbkc
09-03 12:23:02.110 E/PhFileGroupPop( 2313): 	at cbqx.a(PG:90)
09-03 12:23:02.110 E/PhFileGroupPop( 2313): 	at cnpq.a(PG:3)
09-03 12:23:02.110 E/PhFileGroupPop( 2313): 	at ctbg.d(PG:2)
09-03 12:23:02.110 E/PhFileGroupPop( 2313): 	at ctbi.run(PG:9)
09-03 12:23:02.110 E/PhFileGroupPop( 2313): 	at ctfm.run(PG:4)
09-03 12:23:02.110 E/PhFileGroupPop( 2313): 	at bxfd.run(PG:1)
09-03 12:23:02.110 E/PhFileGroupPop( 2313): 	at java.util.concurrent.ThreadPoolExecutor.runWorker(ThreadPoolExecutor.java:1145)
09-03 12:23:02.110 E/PhFileGroupPop( 2313): 	at java.util.concurrent.ThreadPoolExecutor$Worker.run(ThreadPoolExecutor.java:644)
09-03 12:23:02.110 E/PhFileGroupPop( 2313): 	at bxef.run(PG:2)
09-03 12:23:02.110 E/PhFileGroupPop( 2313): 	at java.lang.Thread.run(Thread.java:1012)
09-03 12:23:02.110 E/PhFileGroupPop( 2313): 	at bxfj.run(PG:5)
09-03 12:23:02.465 E/AppOps  (  560): attributionTag VCN not declared in manifest of android
09-03 12:23:02.906 E/SystemServiceRegistry(  906): No service published for: ethernet
09-03 12:23:02.906 E/SystemServiceRegistry(  906): android.os.ServiceManager$ServiceNotFoundException: No service published for: ethernet
09-03 12:23:02.906 E/SystemServiceRegistry(  906): 	at android.os.ServiceManager.getServiceOrThrow(ServiceManager.java:166)
09-03 12:23:02.906 E/SystemServiceRegistry(  906): 	at android.app.SystemServiceRegistry$139.createService(SystemServiceRegistry.java:1872)
09-03 12:23:02.906 E/SystemServiceRegistry(  906): 	at android.app.SystemServiceRegistry$CachedServiceFetcher.getService(SystemServiceRegistry.java:1971)
09-03 12:23:02.906 E/SystemServiceRegistry(  906): 	at android.app.SystemServiceRegistry.getSystemService(SystemServiceRegistry.java:1645)
09-03 12:23:02.906 E/SystemServiceRegistry(  906): 	at android.app.ContextImpl.getSystemService(ContextImpl.java:2212)
09-03 12:23:02.906 E/SystemServiceRegistry(  906): 	at android.content.ContextWrapper.getSystemService(ContextWrapper.java:934)
09-03 12:23:02.906 E/SystemServiceRegistry(  906): 	at com.android.networkstack.tethering.Tethering.isEthernetSupported(Tethering.java:1582)
09-03 12:23:02.906 E/SystemServiceRegistry(  906): 	at com.android.networkstack.tethering.Tethering.makeSupportedDownstreams(Tethering.java:2550)
09-03 12:23:02.906 E/SystemServiceRegistry(  906): 	at com.android.networkstack.tethering.Tethering.updateSupportedDownstreams(Tethering.java:2524)
09-03 12:23:02.906 E/SystemServiceRegistry(  906): 	at com.android.networkstack.tethering.Tethering.updateConfiguration(Tethering.java:546)
09-03 12:23:02.906 E/SystemServiceRegistry(  906): 	at com.android.networkstack.tethering.Tethering.lambda$new$3(Tethering.java:345)
09-03 12:23:02.906 E/SystemServiceRegistry(  906): 	at com.android.networkstack.tethering.Tethering.$r8$lambda$bts3FsOwVdwDhrwMjvAr9kV3Jgs(Tethering.java:0)
09-03 12:23:02.906 E/SystemServiceRegistry(  906): 	at com.android.networkstack.tethering.Tethering$$ExternalSyntheticLambda7.accept(R8$$SyntheticClass:0)
09-03 12:23:02.906 E/SystemServiceRegistry(  906): 	at com.android.networkstack.tethering.util.VersionedBroadcastListener$Receiver.onReceive(VersionedBroadcastListener.java:103)
09-03 12:23:02.906 E/SystemServiceRegistry(  906): 	at android.app.LoadedApk$ReceiverDispatcher$Args.lambda$getRunnable$0(LoadedApk.java:1802)
09-03 12:23:02.906 E/SystemServiceRegistry(  906): 	at android.app.LoadedApk$ReceiverDispatcher$Args.$r8$lambda$gDuJqgxY6Zb-ifyeubKeivTLAwk(Unknown Source:0)
09-03 12:23:02.906 E/SystemServiceRegistry(  906): 	at android.app.LoadedApk$ReceiverDispatcher$Args$$ExternalSyntheticLambda0.run(Unknown Source:2)
09-03 12:23:02.906 E/SystemServiceRegistry(  906): 	at android.os.Handler.handleCallback(Handler.java:958)
09-03 12:23:02.906 E/SystemServiceRegistry(  906): 	at android.os.Handler.dispatchMessage(Handler.java:99)
09-03 12:23:02.906 E/SystemServiceRegistry(  906): 	at android.os.Looper.loopOnce(Looper.java:205)
09-03 12:23:02.906 E/SystemServiceRegistry(  906): 	at android.os.Looper.loop(Looper.java:294)
09-03 12:23:02.906 E/SystemServiceRegistry(  906): 	at android.os.HandlerThread.run(HandlerThread.java:67)
09-03 12:23:03.057 E/native  ( 2470): E0000 00:00:1788438183.057278    3144 array-storage.cc:100] Array storage bad crc 3114303629 vs 2074795712
09-03 12:23:03.057 E/native  ( 2470): E0000 00:00:1788438183.057626    3144 dynamic-trie.cc:483] Trie mmap node failed
09-03 12:23:03.057 E/native  ( 2470): E0000 00:00:1788438183.057819    3144 flash-index.cc:710] Lite index failed to initialize; clearing: INTERNAL: Failed to initialize lexicon trie
09-03 12:23:03.341 E/PackageManager(  560): Optimistic bind failed.
09-03 12:23:03.341 E/PackageManager(  560): java.util.concurrent.TimeoutException: [Optimistic Bind] Didn't bind to resolver in time!
09-03 12:23:03.341 E/PackageManager(  560): 	at com.android.server.pm.InstantAppResolverConnection.waitForBindLocked(InstantAppResolverConnection.java:160)
09-03 12:23:03.341 E/PackageManager(  560): 	at com.android.server.pm.InstantAppResolverConnection.bind(InstantAppResolverConnection.java:225)
09-03 12:23:03.341 E/PackageManager(  560): 	at com.android.server.pm.InstantAppResolverConnection.lambda$optimisticBind$0(InstantAppResolverConnection.java:255)
09-03 12:23:03.341 E/PackageManager(  560): 	at com.android.server.pm.InstantAppResolverConnection.$r8$lambda$kGQeuNdbvFwGn-CghEuSr5znX00(InstantAppResolverConnection.java:0)
09-03 12:23:03.341 E/PackageManager(  560): 	at com.android.server.pm.InstantAppResolverConnection$$ExternalSyntheticLambda0.run(R8$$SyntheticClass:0)
09-03 12:23:03.341 E/PackageManager(  560): 	at android.os.Handler.handleCallback(Handler.java:958)
09-03 12:23:03.341 E/PackageManager(  560): 	at android.os.Handler.dispatchMessage(Handler.java:99)
09-03 12:23:03.341 E/PackageManager(  560): 	at android.os.Looper.loopOnce(Looper.java:205)
09-03 12:23:03.341 E/PackageManager(  560): 	at android.os.Looper.loop(Looper.java:294)
09-03 12:23:03.341 E/PackageManager(  560): 	at android.os.HandlerThread.run(HandlerThread.java:67)
09-03 12:23:03.714 E/android.camera2( 3275): Not starting debugger since process cannot load the jdwp agent.
09-03 12:23:04.325 E/droid.dynsystem( 3297): Not starting debugger since process cannot load the jdwp agent.
09-03 12:23:04.443 E/PeriodStatsTracker( 2433): Reference counting corrupted in usage statistics.
09-03 12:23:04.602 E/ystem:dynsystem( 3320): Not starting debugger since process cannot load the jdwp agent.
09-03 12:23:04.646 E/gedprovisioning( 3327): Not starting debugger since process cannot load the jdwp agent.
09-03 12:23:04.804 E/GmsCoreLogger( 2433): Usage reporting check failed [CONTEXT service_id=299 ]
09-03 12:23:04.804 E/GmsCoreLogger( 2433): java.util.concurrent.ExecutionException: java.util.concurrent.TimeoutException
09-03 12:23:04.804 E/GmsCoreLogger( 2433): 	at dlnv.s(:com.google.android.gms@231818047@23.18.18 (190800-535401451):3)
09-03 12:23:04.804 E/GmsCoreLogger( 2433): 	at dlnv.get(:com.google.android.gms@231818047@23.18.18 (190800-535401451):2)
09-03 12:23:04.804 E/GmsCoreLogger( 2433): 	at dlrv.a(:com.google.android.gms@231818047@23.18.18 (190800-535401451):1)
09-03 12:23:04.804 E/GmsCoreLogger( 2433): 	at dlqm.r(:com.google.android.gms@231818047@23.18.18 (190800-535401451):0)
09-03 12:23:04.804 E/GmsCoreLogger( 2433): 	at aupz.h(:com.google.android.gms@231818047@23.18.18 (190800-535401451):1)
09-03 12:23:04.804 E/GmsCoreLogger( 2433): 	at aupw.run(:com.google.android.gms@231818047@23.18.18 (190800-535401451):0)
09-03 12:23:04.804 E/GmsCoreLogger( 2433): 	at dlqe.call(:com.google.android.gms@231818047@23.18.18 (190800-535401451):0)
09-03 12:23:04.804 E/GmsCoreLogger( 2433): 	at dlph.a(:com.google.android.gms@231818047@23.18.18 (190800-535401451):0)
09-03 12:23:04.804 E/GmsCoreLogger( 2433): 	at dlqs.run(:com.google.android.gms@231818047@23.18.18 (190800-535401451):3)
09-03 12:23:04.804 E/GmsCoreLogger( 2433): 	at dlpk.execute(:com.google.android.gms@231818047@23.18.18 (190800-535401451):0)
09-03 12:23:04.804 E/GmsCoreLogger( 2433): 	at dlpi.f(:com.google.android.gms@231818047@23.18.18 (190800-535401451):1)
09-03 12:23:04.804 E/GmsCoreLogger( 2433): 	at dlpj.h(:com.google.android.gms@231818047@23.18.18 (190800-535401451):0)
09-03 12:23:04.804 E/GmsCoreLogger( 2433): 	at dlod.g(:com.google.android.gms@231818047@23.18.18 (190800-535401451):5)
09-03 12:23:04.804 E/GmsCoreLogger( 2433): 	at dlob.run(:com.google.android.gms@231818047@23.18.18 (190800-535401451):0)
09-03 12:23:04.804 E/GmsCoreLogger( 2433): 	at dlpk.execute(:com.google.android.gms@231818047@23.18.18 (190800-535401451):0)
09-03 12:23:04.804 E/GmsCoreLogger( 2433): 	at dlnv.h(:com.google.android.gms@231818047@23.18.18 (190800-535401451):1)
09-03 12:23:04.804 E/GmsCoreLogger( 2433): 	at dlnv.l(:com.google.android.gms@231818047@23.18.18 (190800-535401451):10)
09-03 12:23:04.804 E/GmsCoreLogger( 2433): 	at dlnv.p(:com.google.android.gms@231818047@23.18.18 (190800-535401451):0)
09-03 12:23:04.804 E/GmsCoreLogger( 2433): 	at cocr.gr(:com.google.android.gms@231818047@23.18.18 (190800-535401451):4)
09-03 12:23:04.804 E/GmsCoreLogger( 2433): 	at cfrq.run(:com.google.android.gms@231818047@23.18.18 (190800-535401451):1)
09-03 12:23:04.804 E/GmsCoreLogger( 2433): 	at acdl.c(:com.google.android.gms@231818047@23.18.18 (190800-535401451):2)
09-03 12:23:04.804 E/GmsCoreLogger( 2433): 	at aofa.run(:com.google.android.gms@231818047@23.18.18 (190800-535401451):0)
09-03 12:23:04.804 E/GmsCoreLogger( 2433): 	at dlpk.execute(:com.google.android.gms@231818047@23.18.18 (190800-535401451):0)
09-03 12:23:04.804 E/GmsCoreLogger( 2433): 	at aofb.execute(:com.google.android.gms@231818047@23.18.18 (190800-535401451):0)
09-03 12:23:04.804 E/GmsCoreLogger( 2433): 	at cfrr.b(:com.google.android.gms@231818047@23.18.18 (190800-535401451):2)
09-03 12:23:04.804 E/GmsCoreLogger( 2433): 	at cfsg.b(:com.google.android.gms@231818047@23.18.18 (190800-535401451):5)
09-03 12:23:04.804 E/GmsCoreLogger( 2433): 	at cfsi.c(:com.google.android.gms@231818047@23.18.18 (190800-535401451):5)
09-03 12:23:04.804 E/GmsCoreLogger( 2433): 	at cfsr.run(:com.google.android.gms@231818047@23.18.18 (190800-535401451):0)
09-03 12:23:04.804 E/GmsCoreLogger( 2433): 	at android.os.Handler.handleCallback(Handler.java:958)
09-03 12:23:04.804 E/GmsCoreLogger( 2433): 	at android.os.Handler.dispatchMessage(Handler.java:99)
09-03 12:23:04.804 E/GmsCoreLogger( 2433): 	at avye.ll(:com.google.android.gms@231818047@23.18.18 (190800-535401451):0)
09-03 12:23:04.804 E/GmsCoreLogger( 2433): 	at avye.dispatchMessage(:com.google.android.gms@231818047@23.18.18 (190800-535401451):14)
09-03 12:23:04.804 E/GmsCoreLogger( 2433): 	at android.os.Looper.loopOnce(Looper.java:205)
09-03 12:23:04.804 E/GmsCoreLogger( 2433): 	at android.os.Looper.loop(Looper.java:294)
09-03 12:23:04.804 E/GmsCoreLogger( 2433): 	at android.app.ActivityThread.main(ActivityThread.java:8177)
09-03 12:23:04.804 E/GmsCoreLogger( 2433): 	at java.lang.reflect.Method.invoke(Native Method)
09-03 12:23:04.804 E/GmsCoreLogger( 2433): 	at com.android.internal.os.RuntimeInit$MethodAndArgsCaller.run(RuntimeInit.java:552)
09-03 12:23:04.804 E/GmsCoreLogger( 2433): 	at com.android.internal.os.ZygoteInit.main(ZygoteInit.java:971)
09-03 12:23:04.804 E/GmsCoreLogger( 2433): Caused by: java.util.concurrent.TimeoutException
09-03 12:23:04.804 E/GmsCoreLogger( 2433): 	... 11 more
09-03 12:23:05.066 E/viders.calendar( 3369): Not starting debugger since process cannot load the jdwp agent.
09-03 12:23:06.029 E/BistoWorker( 1760): Couldn't get logged in Google account.
09-03 12:23:06.068 E/m.android.shell( 3404): Not starting debugger since process cannot load the jdwp agent.
09-03 12:23:06.389 E/id.gms.unstable( 3423): Not starting debugger since process cannot load the jdwp agent.
09-03 12:23:06.698 E/droid.apps.docs( 3458): Not starting debugger since process cannot load the jdwp agent.
09-03 12:23:07.227 E/DialerTikTokListenableWorker( 3085): com.google.apps.tiktok.contrib.work.TikTokListenableWorker.lambda$logOnCancellationOrFailure$0:165 TikTokListenableWorker encountered an exception while running client worker: com.android.dialer.voicemail.service.impl.VvmTaskWorker
09-03 12:23:07.227 E/DialerTikTokListenableWorker( 3085): qy: The completer object was garbage collected - this future would otherwise never complete. The tag was: class cdp
09-03 12:23:07.242 E/WM-WorkerWrapper( 3085): Work [ id=0b1a39b9-d2f9-460f-8981-71ec50758f67, tags={ com.google.apps.tiktok.contrib.work.TikTokListenableWorker, 1, UPDATE_STATUS, TikTokWorker#com.android.dialer.voicemail.service.impl.VvmTaskWorker } ] failed because it threw an exception/error
09-03 12:23:07.242 E/WM-WorkerWrapper( 3085): java.util.concurrent.ExecutionException: qy: The completer object was garbage collected - this future would otherwise never complete. The tag was: class cdp
09-03 12:23:07.242 E/WM-WorkerWrapper( 3085): 	at bmv.n(PG:3)
09-03 12:23:07.242 E/WM-WorkerWrapper( 3085): 	at bmv.get(PG:2)
09-03 12:23:07.242 E/WM-WorkerWrapper( 3085): 	at bfb.run(PG:115)
09-03 12:23:07.242 E/WM-WorkerWrapper( 3085): 	at bly.run(PG:8)
09-03 12:23:07.242 E/WM-WorkerWrapper( 3085): 	at ocg.run(PG:1)
09-03 12:23:07.242 E/WM-WorkerWrapper( 3085): 	at java.util.concurrent.ThreadPoolExecutor.runWorker(ThreadPoolExecutor.java:1145)
09-03 12:23:07.242 E/WM-WorkerWrapper( 3085): 	at java.util.concurrent.ThreadPoolExecutor$Worker.run(ThreadPoolExecutor.java:644)
09-03 12:23:07.242 E/WM-WorkerWrapper( 3085): 	at oca.run(PG:19)
09-03 12:23:07.242 E/WM-WorkerWrapper( 3085): 	at oca.run(PG:32)
09-03 12:23:07.242 E/WM-WorkerWrapper( 3085): 	at java.lang.Thread.run(Thread.java:1012)
09-03 12:23:07.242 E/WM-WorkerWrapper( 3085): 	at ocj.run(PG:6)
09-03 12:23:07.242 E/WM-WorkerWrapper( 3085): Caused by: qy: The completer object was garbage collected - this future would otherwise never complete. The tag was: class cdp
09-03 12:23:07.734 E/CacheStorage( 3458): cache is corrupted
09-03 12:23:07.800 E/DocsApplication( 3458): from onCreate Completable for sending summary about blocked SyncRequests
09-03 12:23:07.800 E/DocsApplication( 3458): java.lang.IllegalStateException
09-03 12:23:07.800 E/DocsApplication( 3458): 	at eye.h(PG:7)
09-03 12:23:07.800 E/DocsApplication( 3458): 	at emc.lambda$onCreate$4$com-google-android-apps-docs-DocsApplication(PG:36)
09-03 12:23:07.800 E/DocsApplication( 3458): 	at dyd.run(PG:1)
09-03 12:23:07.800 E/DocsApplication( 3458): 	at tbt.d(PG:3)
09-03 12:23:07.800 E/DocsApplication( 3458): 	at szc.e(PG:1)
09-03 12:23:07.800 E/DocsApplication( 3458): 	at tcc$a.run(PG:1)
09-03 12:23:07.800 E/DocsApplication( 3458): 	at szn$a.run(PG:2)
09-03 12:23:07.800 E/DocsApplication( 3458): 	at tgf.run(PG:2)
09-03 12:23:07.800 E/DocsApplication( 3458): 	at tgf.call(PG:1)
09-03 12:23:07.800 E/DocsApplication( 3458): 	at java.util.concurrent.FutureTask.run(FutureTask.java:264)
09-03 12:23:07.800 E/DocsApplication( 3458): 	at java.util.concurrent.ScheduledThreadPoolExecutor$ScheduledFutureTask.run(ScheduledThreadPoolExecutor.java:307)
09-03 12:23:07.800 E/DocsApplication( 3458): 	at java.util.concurrent.ThreadPoolExecutor.runWorker(ThreadPoolExecutor.java:1145)
09-03 12:23:07.800 E/DocsApplication( 3458): 	at java.util.concurrent.ThreadPoolExecutor$Worker.run(ThreadPoolExecutor.java:644)
09-03 12:23:07.800 E/DocsApplication( 3458): 	at java.lang.Thread.run(Thread.java:1012)
09-03 12:23:08.146 E/d.configupdater( 3553): Not starting debugger since process cannot load the jdwp agent.
09-03 12:23:08.355 E/ctxmgr  ( 2433): [FencePendingIntentCache]Expected to find a PendingIntent for pendingIntentKey=2b1ce2de-ade6-4a2f-84de-894724d0fef2 [CONTEXT service_id=47 ]
09-03 12:23:08.356 E/ctxmgr  ( 2433): [FencePendingIntentCache]Expected to find a PendingIntent for pendingIntentKey=ef5a1e0e-13d6-41b5-8c0b-a4fc7aa2e8c2 [CONTEXT service_id=47 ]
09-03 12:23:08.356 E/ctxmgr  ( 2433): [FencePendingIntentCache]Expected to find a PendingIntent for pendingIntentKey=33b7cde5-1d98-4b7b-bdc1-ffb9239bb75f [CONTEXT service_id=47 ]
09-03 12:23:08.357 E/ctxmgr  ( 2433): [FencePendingIntentCache]Expected to find a PendingIntent for pendingIntentKey=33b7cde5-1d98-4b7b-bdc1-ffb9239bb75f [CONTEXT service_id=47 ]
09-03 12:23:10.099 E/ConfigUpdater( 3553): ignoring update request
09-03 12:23:10.477 E/BugleRcsEngine( 2313): [101] brfg.a: DroidGuardLogger: Could not create DroidGuard token creation event
09-03 12:23:10.514 E/GnpSdk  ( 2313): job GrowthKitJobScheduler.PeriodicSyncJob failed
09-03 12:23:10.675 E/ConfigUpdater( 3553): ignoring update request
09-03 12:23:10.764 E/TaskWorkerFactory( 2952): Cannot create worker: com.android.devicelockcontroller.provision.worker.DeviceCheckInWorker
09-03 12:23:10.764 E/TaskWorkerFactory( 2952): java.lang.NoSuchMethodException: com.android.devicelockcontroller.provision.worker.DeviceCheckInWorker.<init> [class android.content.Context, class androidx.work.WorkerParameters, interface com.google.common.util.concurrent.ListeningExecutorService]
09-03 12:23:10.764 E/TaskWorkerFactory( 2952): 	at java.lang.Class.getConstructor0(Class.java:3325)
09-03 12:23:10.764 E/TaskWorkerFactory( 2952): 	at java.lang.Class.getDeclaredConstructor(Class.java:3063)
09-03 12:23:10.764 E/TaskWorkerFactory( 2952): 	at com.android.devicelockcontroller.policy.TaskWorkerFactory.createWorker(TaskWorkerFactory.java:53)
09-03 12:23:10.764 E/TaskWorkerFactory( 2952): 	at androidx.work.DelegatingWorkerFactory.createWorker(DelegatingWorkerFactory.java:71)
09-03 12:23:10.764 E/TaskWorkerFactory( 2952): 	at androidx.work.WorkerFactory.createWorkerWithDefaultFallback(WorkerFactory.java:82)
09-03 12:23:10.764 E/TaskWorkerFactory( 2952): 	at androidx.work.impl.WorkerWrapper.runWorker(WorkerWrapper.java:240)
09-03 12:23:10.764 E/TaskWorkerFactory( 2952): 	at androidx.work.impl.WorkerWrapper.run(WorkerWrapper.java:142)
09-03 12:23:10.764 E/TaskWorkerFactory( 2952): 	at androidx.work.impl.utils.SerialExecutorImpl$Task.run(SerialExecutorImpl.java:96)
09-03 12:23:10.764 E/TaskWorkerFactory( 2952): 	at java.util.concurrent.ThreadPoolExecutor.runWorker(ThreadPoolExecutor.java:1145)
09-03 12:23:10.764 E/TaskWorkerFactory( 2952): 	at java.util.concurrent.ThreadPoolExecutor$Worker.run(ThreadPoolExecutor.java:644)
09-03 12:23:10.764 E/TaskWorkerFactory( 2952): 	at java.lang.Thread.run(Thread.java:1012)
09-03 12:23:11.241 E/ConfigUpdater( 3553): ignoring update request
09-03 12:23:11.602 E/ConfigUpdater( 3553): ignoring update request
09-03 12:23:11.801 E/ConfigUpdater( 3553): ignoring update request
09-03 12:23:11.859 E/ConfigUpdater( 3553): ignoring update request
09-03 12:23:11.922 E/ConfigUpdater( 3553): ignoring update request
09-03 12:23:11.954 E/ConfigUpdater( 3553): ignoring update request
09-03 12:23:12.069 E/ConfigUpdater( 3553): ignoring update request
09-03 12:23:12.114 E/ConfigUpdater( 3553): ignoring update request
09-03 12:23:12.170 E/ConfigUpdater( 3553): ignoring update request
09-03 12:23:12.227 E/ConfigUpdater( 3553): ignoring update request
09-03 12:23:12.498 E/ackageinstaller( 3720): Not starting debugger since process cannot load the jdwp agent.
09-03 12:23:13.743 E/system_server(  560): No package ID 7f found for resource ID 0x7f080305.
09-03 12:23:13.743 E/system_server(  560): No package ID 7f found for resource ID 0x7f130689.
09-03 12:23:13.743 E/system_server(  560): No package ID 7f found for resource ID 0x7f130689.
09-03 12:23:13.771 E/system_server(  560): No package ID 7f found for resource ID 0x7f080301.
09-03 12:23:13.774 E/system_server(  560): No package ID 7f found for resource ID 0x7f130687.
09-03 12:23:13.774 E/system_server(  560): No package ID 7f found for resource ID 0x7f130687.
09-03 12:23:13.776 E/system_server(  560): No package ID 7f found for resource ID 0x7f080303.
09-03 12:23:13.788 E/system_server(  560): No package ID 7f found for resource ID 0x7f130688.
09-03 12:23:13.791 E/system_server(  560): No package ID 7f found for resource ID 0x7f130688.
09-03 12:23:13.798 E/ShortcutService(  560): Ignoring excessive intent tag.
09-03 12:23:13.826 E/id.partnersetup( 3777): Not starting debugger since process cannot load the jdwp agent.
09-03 12:23:14.669 E/android.rkpdapp( 3837): Not starting debugger since process cannot load the jdwp agent.
09-03 12:23:15.749 E/AuthPII ( 2433): [GoogleAccountDataServiceImpl] getToken() -> BAD_AUTHENTICATION. App: com.google.android.gms, Service: oauth2:https://www.googleapis.com/auth/userinfo.email https://www.googleapis.com/auth/account.capabilities https://www.googleapis.com/auth/account.service_flags
09-03 12:23:15.749 E/AuthPII ( 2433): abcp: Long live credential not available.
09-03 12:23:15.749 E/AuthPII ( 2433): 	at mbt.a(:com.google.android.gms@231818047@23.18.18 (190800-535401451):8)
09-03 12:23:15.749 E/AuthPII ( 2433): 	at mca.b(:com.google.android.gms@231818047@23.18.18 (190800-535401451):3)
09-03 12:23:15.749 E/AuthPII ( 2433): 	at lzx.m(:com.google.android.gms@231818047@23.18.18 (190800-535401451):48)
09-03 12:23:15.749 E/AuthPII ( 2433): 	at lyz.a(:com.google.android.gms@231818047@23.18.18 (190800-535401451):22)
09-03 12:23:15.749 E/AuthPII ( 2433): 	at lze.a(:com.google.android.gms@231818047@23.18.18 (190800-535401451):2)
09-03 12:23:15.749 E/AuthPII ( 2433): 	at mcs.b(:com.google.android.gms@231818047@23.18.18 (190800-535401451):3)
09-03 12:23:15.749 E/AuthPII ( 2433): 	at mcs.a(:com.google.android.gms@231818047@23.18.18 (190800-535401451):6)
09-03 12:23:15.749 E/AuthPII ( 2433): 	at lye.hasFeatures(:com.google.android.gms@231818047@23.18.18 (190800-535401451):2)
09-03 12:23:15.749 E/AuthPII ( 2433): 	at android.accounts.AbstractAccountAuthenticator$Transport.hasFeatures(AbstractAccountAuthenticator.java:324)
09-03 12:23:15.749 E/AuthPII ( 2433): 	at android.accounts.IAccountAuthenticator$Stub.onTransact(IAccountAuthenticator.java:299)
09-03 12:23:15.749 E/AuthPII ( 2433): 	at android.os.Binder.transact(Binder.java:1183)
09-03 12:23:15.749 E/AuthPII ( 2433): 	at aumo.onTransact(:com.google.android.gms@231818047@23.18.18 (190800-535401451):1)
09-03 12:23:15.749 E/AuthPII ( 2433): 	at android.os.Binder.transact(Binder.java:1183)
09-03 12:23:15.749 E/AuthPII ( 2433): 	at aoey.onTransact(:com.google.android.gms@231818047@23.18.18 (190800-535401451):22)
09-03 12:23:15.749 E/AuthPII ( 2433): 	at android.os.Binder.execTransactInternal(Binder.java:1344)
09-03 12:23:15.749 E/AuthPII ( 2433): 	at android.os.Binder.execTransact(Binder.java:1275)
09-03 12:23:15.750 E/AuthPII ( 2433): Message is Long live credential not available.
09-03 12:23:15.750 E/AuthPII ( 2433): abcp: Long live credential not available.
09-03 12:23:15.750 E/AuthPII ( 2433): 	at mbt.a(:com.google.android.gms@231818047@23.18.18 (190800-535401451):8)
09-03 12:23:15.750 E/AuthPII ( 2433): 	at mca.b(:com.google.android.gms@231818047@23.18.18 (190800-535401451):3)
09-03 12:23:15.750 E/AuthPII ( 2433): 	at lzx.m(:com.google.android.gms@231818047@23.18.18 (190800-535401451):48)
09-03 12:23:15.750 E/AuthPII ( 2433): 	at lyz.a(:com.google.android.gms@231818047@23.18.18 (190800-535401451):22)
09-03 12:23:15.750 E/AuthPII ( 2433): 	at lze.a(:com.google.android.gms@231818047@23.18.18 (190800-535401451):2)
09-03 12:23:15.750 E/AuthPII ( 2433): 	at mcs.b(:com.google.android.gms@231818047@23.18.18 (190800-535401451):3)
09-03 12:23:15.750 E/AuthPII ( 2433): 	at mcs.a(:com.google.android.gms@231818047@23.18.18 (190800-535401451):6)
09-03 12:23:15.750 E/AuthPII ( 2433): 	at lye.hasFeatures(:com.google.android.gms@231818047@23.18.18 (190800-535401451):2)
09-03 12:23:15.750 E/AuthPII ( 2433): 	at android.accounts.AbstractAccountAuthenticator$Transport.hasFeatures(AbstractAccountAuthenticator.java:324)
09-03 12:23:15.750 E/AuthPII ( 2433): 	at android.accounts.IAccountAuthenticator$Stub.onTransact(IAccountAuthenticator.java:299)
09-03 12:23:15.750 E/AuthPII ( 2433): 	at android.os.Binder.transact(Binder.java:1183)
09-03 12:23:15.750 E/AuthPII ( 2433): 	at aumo.onTransact(:com.google.android.gms@231818047@23.18.18 (190800-535401451):1)
09-03 12:23:15.750 E/AuthPII ( 2433): 	at android.os.Binder.transact(Binder.java:1183)
09-03 12:23:15.750 E/AuthPII ( 2433): 	at aoey.onTransact(:com.google.android.gms@231818047@23.18.18 (190800-535401451):22)
09-03 12:23:15.750 E/AuthPII ( 2433): 	at android.os.Binder.execTransactInternal(Binder.java:1344)
09-03 12:23:15.750 E/AuthPII ( 2433): 	at android.os.Binder.execTransact(Binder.java:1275)
09-03 12:23:15.830 E/DrmHalHidl( 3837): Failed to find passthrough drm factories
09-03 12:23:15.943 E/WVCdm   (  420): [oemcrypto_adapter_dynamic.cpp(1337):ValidateOrInstallL1KeyboxOrCert] L1 not initialized. Falling back to L3
09-03 12:23:16.014 E/AuthPII ( 2433): [GoogleAccountDataServiceImpl] getToken() -> BAD_AUTHENTICATION. App: com.google.android.gms, Service: oauth2:https://www.googleapis.com/auth/userinfo.email https://www.googleapis.com/auth/account.capabilities https://www.googleapis.com/auth/account.service_flags
09-03 12:23:16.014 E/AuthPII ( 2433): abcp: Long live credential not available.
09-03 12:23:16.014 E/AuthPII ( 2433): 	at mbt.a(:com.google.android.gms@231818047@23.18.18 (190800-535401451):8)
09-03 12:23:16.014 E/AuthPII ( 2433): 	at mca.b(:com.google.android.gms@231818047@23.18.18 (190800-535401451):3)
09-03 12:23:16.014 E/AuthPII ( 2433): 	at lzx.m(:com.google.android.gms@231818047@23.18.18 (190800-535401451):48)
09-03 12:23:16.014 E/AuthPII ( 2433): 	at lyz.a(:com.google.android.gms@231818047@23.18.18 (190800-535401451):22)
09-03 12:23:16.014 E/AuthPII ( 2433): 	at lze.a(:com.google.android.gms@231818047@23.18.18 (190800-535401451):2)
09-03 12:23:16.014 E/AuthPII ( 2433): 	at mcs.b(:com.google.android.gms@231818047@23.18.18 (190800-535401451):3)
09-03 12:23:16.014 E/AuthPII ( 2433): 	at mcs.a(:com.google.android.gms@231818047@23.18.18 (190800-535401451):6)
09-03 12:23:16.014 E/AuthPII ( 2433): 	at lye.hasFeatures(:com.google.android.gms@231818047@23.18.18 (190800-535401451):2)
09-03 12:23:16.014 E/AuthPII ( 2433): 	at android.accounts.AbstractAccountAuthenticator$Transport.hasFeatures(AbstractAccountAuthenticator.java:324)
09-03 12:23:16.014 E/AuthPII ( 2433): 	at android.accounts.IAccountAuthenticator$Stub.onTransact(IAccountAuthenticator.java:299)
09-03 12:23:16.014 E/AuthPII ( 2433): 	at android.os.Binder.transact(Binder.java:1183)
09-03 12:23:16.014 E/AuthPII ( 2433): 	at aumo.onTransact(:com.google.android.gms@231818047@23.18.18 (190800-535401451):1)
09-03 12:23:16.014 E/AuthPII ( 2433): 	at android.os.Binder.transact(Binder.java:1183)
09-03 12:23:16.014 E/AuthPII ( 2433): 	at aoey.onTransact(:com.google.android.gms@231818047@23.18.18 (190800-535401451):22)
09-03 12:23:16.014 E/AuthPII ( 2433): 	at android.os.Binder.execTransactInternal(Binder.java:1344)
09-03 12:23:16.014 E/AuthPII ( 2433): 	at android.os.Binder.execTransact(Binder.java:1275)
09-03 12:23:16.014 E/AuthPII ( 2433): Message is Long live credential not available.
09-03 12:23:16.014 E/AuthPII ( 2433): abcp: Long live credential not available.
09-03 12:23:16.014 E/AuthPII ( 2433): 	at mbt.a(:com.google.android.gms@231818047@23.18.18 (190800-535401451):8)
09-03 12:23:16.014 E/AuthPII ( 2433): 	at mca.b(:com.google.android.gms@231818047@23.18.18 (190800-535401451):3)
09-03 12:23:16.014 E/AuthPII ( 2433): 	at lzx.m(:com.google.android.gms@231818047@23.18.18 (190800-535401451):48)
09-03 12:23:16.014 E/AuthPII ( 2433): 	at lyz.a(:com.google.android.gms@231818047@23.18.18 (190800-535401451):22)
09-03 12:23:16.014 E/AuthPII ( 2433): 	at lze.a(:com.google.android.gms@231818047@23.18.18 (190800-535401451):2)
09-03 12:23:16.014 E/AuthPII ( 2433): 	at mcs.b(:com.google.android.gms@231818047@23.18.18 (190800-535401451):3)
09-03 12:23:16.014 E/AuthPII ( 2433): 	at mcs.a(:com.google.android.gms@231818047@23.18.18 (190800-535401451):6)
09-03 12:23:16.014 E/AuthPII ( 2433): 	at lye.hasFeatures(:com.google.android.gms@231818047@23.18.18 (190800-535401451):2)
09-03 12:23:16.014 E/AuthPII ( 2433): 	at android.accounts.AbstractAccountAuthenticator$Transport.hasFeatures(AbstractAccountAuthenticator.java:324)
09-03 12:23:16.014 E/AuthPII ( 2433): 	at android.accounts.IAccountAuthenticator$Stub.onTransact(IAccountAuthenticator.java:299)
09-03 12:23:16.014 E/AuthPII ( 2433): 	at android.os.Binder.transact(Binder.java:1183)
09-03 12:23:16.014 E/AuthPII ( 2433): 	at aumo.onTransact(:com.google.android.gms@231818047@23.18.18 (190800-535401451):1)
09-03 12:23:16.014 E/AuthPII ( 2433): 	at android.os.Binder.transact(Binder.java:1183)
09-03 12:23:16.014 E/AuthPII ( 2433): 	at aoey.onTransact(:com.google.android.gms@231818047@23.18.18 (190800-535401451):22)
09-03 12:23:16.014 E/AuthPII ( 2433): 	at android.os.Binder.execTransactInternal(Binder.java:1344)
09-03 12:23:16.014 E/AuthPII ( 2433): 	at android.os.Binder.execTransact(Binder.java:1275)
09-03 12:23:16.306 E/GooglePartnerSetup( 3777): Phenotype client.register: true
09-03 12:23:16.402 E/gs.intelligence( 3914): Not starting debugger since process cannot load the jdwp agent.
09-03 12:23:17.542 E/DowngradeHelper( 2470): isModuleDowngradeRequired false
09-03 12:23:17.590 E/ChimeraCfgMgr( 2470): Failed to write/verify config
09-03 12:23:17.590 E/ChimeraCfgMgr( 2470): java.nio.channels.ClosedByInterruptException
09-03 12:23:17.590 E/ChimeraCfgMgr( 2470): 	at java.nio.channels.spi.AbstractInterruptibleChannel.end(AbstractInterruptibleChannel.java:200)
09-03 12:23:17.590 E/ChimeraCfgMgr( 2470): 	at sun.nio.ch.FileChannelImpl.size(FileChannelImpl.java:364)
09-03 12:23:17.590 E/ChimeraCfgMgr( 2470): 	at hfc.f(:com.google.android.gms@231818047@23.18.18 (190800-535401451):2)
09-03 12:23:17.590 E/ChimeraCfgMgr( 2470): 	at hfc.i(:com.google.android.gms@231818047@23.18.18 (190800-535401451):1)
09-03 12:23:17.590 E/ChimeraCfgMgr( 2470): 	at hfm.y(:com.google.android.gms@231818047@23.18.18 (190800-535401451):114)
09-03 12:23:17.590 E/ChimeraCfgMgr( 2470): 	at zez.k(:com.google.android.gms@231818047@23.18.18 (190800-535401451):19)
09-03 12:23:17.590 E/ChimeraCfgMgr( 2470): 	at zez.o(:com.google.android.gms@231818047@23.18.18 (190800-535401451):21)
09-03 12:23:17.590 E/ChimeraCfgMgr( 2470): 	at zez.g(:com.google.android.gms@231818047@23.18.18 (190800-535401451):0)
09-03 12:23:17.590 E/ChimeraCfgMgr( 2470): 	at zez.f(:com.google.android.gms@231818047@23.18.18 (190800-535401451):0)
09-03 12:23:17.590 E/ChimeraCfgMgr( 2470): 	at zec.d(:com.google.android.gms@231818047@23.18.18 (190800-535401451):8)
09-03 12:23:17.590 E/ChimeraCfgMgr( 2470): 	at zec.j(:com.google.android.gms@231818047@23.18.18 (190800-535401451):277)
09-03 12:23:17.590 E/ChimeraCfgMgr( 2470): 	at com.google.android.gms.chimera.container.ConfigChimeraService.a(:com.google.android.gms@231818047@23.18.18 (190800-535401451):11)
09-03 12:23:17.590 E/ChimeraCfgMgr( 2470): 	at avzs.call(:com.google.android.gms@231818047@23.18.18 (190800-535401451):4)
09-03 12:23:17.590 E/ChimeraCfgMgr( 2470): 	at java.util.concurrent.FutureTask.run(FutureTask.java:264)
09-03 12:23:17.590 E/ChimeraCfgMgr( 2470): 	at aced.c(:com.google.android.gms@231818047@23.18.18 (190800-535401451):6)
09-03 12:23:17.590 E/ChimeraCfgMgr( 2470): 	at aced.run(:com.google.android.gms@231818047@23.18.18 (190800-535401451):8)
09-03 12:23:17.590 E/ChimeraCfgMgr( 2470): 	at java.util.concurrent.ThreadPoolExecutor.runWorker(ThreadPoolExecutor.java:1145)
09-03 12:23:17.590 E/ChimeraCfgMgr( 2470): 	at java.util.concurrent.ThreadPoolExecutor$Worker.run(ThreadPoolExecutor.java:644)
09-03 12:23:17.590 E/ChimeraCfgMgr( 2470): 	at acjn.run(:com.google.android.gms@231818047@23.18.18 (190800-535401451):0)
09-03 12:23:17.590 E/ChimeraCfgMgr( 2470): 	at java.lang.Thread.run(Thread.java:1012)
09-03 12:23:17.607 E/ChimeraCfgMgr( 2470): Failed to write/verify config
09-03 12:23:17.607 E/ChimeraCfgMgr( 2470): java.nio.channels.ClosedByInterruptException
09-03 12:23:17.607 E/ChimeraCfgMgr( 2470): 	at java.nio.channels.spi.AbstractInterruptibleChannel.end(AbstractInterruptibleChannel.java:200)
09-03 12:23:17.607 E/ChimeraCfgMgr( 2470): 	at sun.nio.ch.FileChannelImpl.size(FileChannelImpl.java:364)
09-03 12:23:17.607 E/ChimeraCfgMgr( 2470): 	at hfc.f(:com.google.android.gms@231818047@23.18.18 (190800-535401451):2)
09-03 12:23:17.607 E/ChimeraCfgMgr( 2470): 	at hfc.i(:com.google.android.gms@231818047@23.18.18 (190800-535401451):1)
09-03 12:23:17.607 E/ChimeraCfgMgr( 2470): 	at hfm.y(:com.google.android.gms@231818047@23.18.18 (190800-535401451):114)
09-03 12:23:17.607 E/ChimeraCfgMgr( 2470): 	at zez.k(:com.google.android.gms@231818047@23.18.18 (190800-535401451):19)
09-03 12:23:17.607 E/ChimeraCfgMgr( 2470): 	at zez.o(:com.google.android.gms@231818047@23.18.18 (190800-535401451):21)
09-03 12:23:17.607 E/ChimeraCfgMgr( 2470): 	at zez.g(:com.google.android.gms@231818047@23.18.18 (190800-535401451):0)
09-03 12:23:17.607 E/ChimeraCfgMgr( 2470): 	at zez.f(:com.google.android.gms@231818047@23.18.18 (190800-535401451):0)
09-03 12:23:17.607 E/ChimeraCfgMgr( 2470): 	at zec.d(:com.google.android.gms@231818047@23.18.18 (190800-535401451):8)
09-03 12:23:17.607 E/ChimeraCfgMgr( 2470): 	at zec.j(:com.google.android.gms@231818047@23.18.18 (190800-535401451):277)
09-03 12:23:17.607 E/ChimeraCfgMgr( 2470): 	at com.google.android.gms.chimera.container.ConfigChimeraService.a(:com.google.android.gms@231818047@23.18.18 (190800-535401451):11)
09-03 12:23:17.607 E/ChimeraCfgMgr( 2470): 	at avzs.call(:com.google.android.gms@231818047@23.18.18 (190800-535401451):4)
09-03 12:23:17.607 E/ChimeraCfgMgr( 2470): 	at java.util.concurrent.FutureTask.run(FutureTask.java:264)
09-03 12:23:17.607 E/ChimeraCfgMgr( 2470): 	at aced.c(:com.google.android.gms@231818047@23.18.18 (190800-535401451):6)
09-03 12:23:17.607 E/ChimeraCfgMgr( 2470): 	at aced.run(:com.google.android.gms@231818047@23.18.18 (190800-535401451):8)
09-03 12:23:17.607 E/ChimeraCfgMgr( 2470): 	at java.util.concurrent.ThreadPoolExecutor.runWorker(ThreadPoolExecutor.java:1145)
09-03 12:23:17.607 E/ChimeraCfgMgr( 2470): 	at java.util.concurrent.ThreadPoolExecutor$Worker.run(ThreadPoolExecutor.java:644)
09-03 12:23:17.607 E/ChimeraCfgMgr( 2470): 	at acjn.run(:com.google.android.gms@231818047@23.18.18 (190800-535401451):0)
09-03 12:23:17.607 E/ChimeraCfgMgr( 2470): 	at java.lang.Thread.run(Thread.java:1012)
09-03 12:23:17.725 E/HardwareInfoFeatureProviderImpl(  994): Could not parse manufactured year from serial.
09-03 12:23:17.725 E/HardwareInfoFeatureProviderImpl(  994): java.lang.NumberFormatException: For input string: "E"
09-03 12:23:17.725 E/HardwareInfoFeatureProviderImpl(  994): 	at java.lang.Integer.parseInt(Integer.java:797)
09-03 12:23:17.725 E/HardwareInfoFeatureProviderImpl(  994): 	at java.lang.Integer.valueOf(Integer.java:1128)
09-03 12:23:17.725 E/HardwareInfoFeatureProviderImpl(  994): 	at com.google.android.settings.deviceinfo.hardwareinfo.HardwareInfoFeatureProviderGoogleImpl.getManufacturedYear(HardwareInfoFeatureProviderGoogleImpl.kt:22)
09-03 12:23:17.725 E/HardwareInfoFeatureProviderImpl(  994): 	at com.android.settings.deviceinfo.hardwareinfo.ManufacturedYearPreferenceController.<init>(ManufacturedYearPreferenceController.kt:26)
09-03 12:23:17.725 E/HardwareInfoFeatureProviderImpl(  994): 	at java.lang.reflect.Constructor.newInstance0(Native Method)
09-03 12:23:17.725 E/HardwareInfoFeatureProviderImpl(  994): 	at java.lang.reflect.Constructor.newInstance(Constructor.java:343)
09-03 12:23:17.725 E/HardwareInfoFeatureProviderImpl(  994): 	at com.android.settings.core.BasePreferenceController.createInstance(BasePreferenceController.java:187)
09-03 12:23:17.725 E/HardwareInfoFeatureProviderImpl(  994): 	at com.android.settings.core.PreferenceControllerListHelper.getPreferenceControllersFromXml(PreferenceControllerListHelper.java:83)
09-03 12:23:17.725 E/HardwareInfoFeatureProviderImpl(  994): 	at com.android.settings.search.BaseSearchIndexProvider.getPreferenceControllers(BaseSearchIndexProvider.java:149)
09-03 12:23:17.725 E/HardwareInfoFeatureProviderImpl(  994): 	at com.android.settings.search.BaseSearchIndexProvider.getNonIndexableKeys(BaseSearchIndexProvider.java:114)
09-03 12:23:17.725 E/HardwareInfoFeatureProviderImpl(  994): 	at com.android.settings.search.SettingsSearchIndexablesProvider.getNonIndexableKeysFromProvider(SettingsSearchIndexablesProvider.java:284)
09-03 12:23:17.725 E/HardwareInfoFeatureProviderImpl(  994): 	at com.android.settings.search.SettingsSearchIndexablesProvider.queryNonIndexableKeys(SettingsSearchIndexablesProvider.java:157)
09-03 12:23:17.725 E/HardwareInfoFeatureProviderImpl(  994): 	at android.provider.SearchIndexablesProvider.query(SearchIndexablesProvider.java:127)
09-03 12:23:17.725 E/HardwareInfoFeatureProviderImpl(  994): 	at android.content.ContentProvider.query(ContentProvider.java:1596)
09-03 12:23:17.725 E/HardwareInfoFeatureProviderImpl(  994): 	at android.content.ContentProvider.query(ContentProvider.java:1692)
09-03 12:23:17.725 E/HardwareInfoFeatureProviderImpl(  994): 	at android.content.ContentProvider$Transport.query(ContentProvider.java:292)
09-03 12:23:17.725 E/HardwareInfoFeatureProviderImpl(  994): 	at android.content.ContentProviderNative.onTransact(ContentProviderNative.java:107)
09-03 12:23:17.725 E/HardwareInfoFeatureProviderImpl(  994): 	at android.os.Binder.execTransactInternal(Binder.java:1339)
09-03 12:23:17.725 E/HardwareInfoFeatureProviderImpl(  994): 	at android.os.Binder.execTransact(Binder.java:1275)
09-03 12:23:17.745 E/GmsModuleProvider( 2433): Failed to get config file descriptor: com.google.android.chimera.config.InvalidConfigException: java.io.FileNotFoundException: /data/user_de/0/com.google.android.gms/app_chimera/current_config.fb: open failed: ENOENT (No such file or directory)
09-03 12:23:17.748 E/DynamiteLoaderV2Impl( 3667): Failed to load config.
09-03 12:23:17.748 E/DynamiteLoaderV2Impl( 3667): java.io.IOException: Config file descriptor is null
09-03 12:23:17.748 E/DynamiteLoaderV2Impl( 3667): 	at du.a(:com.google.android.gms.dynamite_dynamiteloader@231818047@23.18.18 (190800-0):4)
09-03 12:23:17.748 E/DynamiteLoaderV2Impl( 3667): 	at dr.run(:com.google.android.gms.dynamite_dynamiteloader@231818047@23.18.18 (190800-0):2)
09-03 12:23:17.748 E/DynamiteLoaderV2Impl( 3667): 	at java.util.concurrent.ThreadPoolExecutor.runWorker(ThreadPoolExecutor.java:1145)
09-03 12:23:17.748 E/DynamiteLoaderV2Impl( 3667): 	at java.util.concurrent.ThreadPoolExecutor$Worker.run(ThreadPoolExecutor.java:644)
09-03 12:23:17.748 E/DynamiteLoaderV2Impl( 3667): 	at cv.run(:com.google.android.gms.dynamite_dynamiteloader@231818047@23.18.18 (190800-0):0)
09-03 12:23:17.748 E/DynamiteLoaderV2Impl( 3667): 	at java.lang.Thread.run(Thread.java:1012)
09-03 12:23:17.990 E/externalstorage( 3989): Not starting debugger since process cannot load the jdwp agent.
09-03 12:23:18.009 E/SystemServiceRegistry(  994): No service published for: ethernet
09-03 12:23:18.009 E/SystemServiceRegistry(  994): android.os.ServiceManager$ServiceNotFoundException: No service published for: ethernet
09-03 12:23:18.009 E/SystemServiceRegistry(  994): 	at android.os.ServiceManager.getServiceOrThrow(ServiceManager.java:166)
09-03 12:23:18.009 E/SystemServiceRegistry(  994): 	at android.app.SystemServiceRegistry$139.createService(SystemServiceRegistry.java:1872)
09-03 12:23:18.009 E/SystemServiceRegistry(  994): 	at android.app.SystemServiceRegistry$CachedServiceFetcher.getService(SystemServiceRegistry.java:1971)
09-03 12:23:18.009 E/SystemServiceRegistry(  994): 	at android.app.SystemServiceRegistry.getSystemService(SystemServiceRegistry.java:1645)
09-03 12:23:18.009 E/SystemServiceRegistry(  994): 	at android.app.ContextImpl.getSystemService(ContextImpl.java:2212)
09-03 12:23:18.009 E/SystemServiceRegistry(  994): 	at android.content.ContextWrapper.getSystemService(ContextWrapper.java:934)
09-03 12:23:18.009 E/SystemServiceRegistry(  994): 	at android.content.Context.getSystemService(Context.java:4420)
09-03 12:23:18.009 E/SystemServiceRegistry(  994): 	at com.android.settings.network.tether.TetherSettings$2.getNonIndexableKeys(TetherSettings.java:662)
09-03 12:23:18.009 E/SystemServiceRegistry(  994): 	at com.android.settings.search.SettingsSearchIndexablesProvider.getNonIndexableKeysFromProvider(SettingsSearchIndexablesProvider.java:284)
09-03 12:23:18.009 E/SystemServiceRegistry(  994): 	at com.android.settings.search.SettingsSearchIndexablesProvider.queryNonIndexableKeys(SettingsSearchIndexablesProvider.java:157)
09-03 12:23:18.009 E/SystemServiceRegistry(  994): 	at android.provider.SearchIndexablesProvider.query(SearchIndexablesProvider.java:127)
09-03 12:23:18.009 E/SystemServiceRegistry(  994): 	at android.content.ContentProvider.query(ContentProvider.java:1596)
09-03 12:23:18.009 E/SystemServiceRegistry(  994): 	at android.content.ContentProvider.query(ContentProvider.java:1692)
09-03 12:23:18.009 E/SystemServiceRegistry(  994): 	at android.content.ContentProvider$Transport.query(ContentProvider.java:292)
09-03 12:23:18.009 E/SystemServiceRegistry(  994): 	at android.content.ContentProviderNative.onTransact(ContentProviderNative.java:107)
09-03 12:23:18.009 E/SystemServiceRegistry(  994): 	at android.os.Binder.execTransactInternal(Binder.java:1339)
09-03 12:23:18.009 E/SystemServiceRegistry(  994): 	at android.os.Binder.execTransact(Binder.java:1275)
09-03 12:23:18.430 E/gle.android.gms( 4022): Not starting debugger since process cannot load the jdwp agent.
09-03 12:23:18.559 E/ScreenResolutionController(  994): No support
09-03 12:23:18.847 E/ScreenResolutionController(  994): No support
09-03 12:23:19.146 E/ScreenResolutionController(  994): No support
09-03 12:23:19.624 E/HardwareInfoFeatureProviderImpl(  994): Could not parse manufactured year from serial.
09-03 12:23:19.624 E/HardwareInfoFeatureProviderImpl(  994): java.lang.NumberFormatException: For input string: "E"
09-03 12:23:19.624 E/HardwareInfoFeatureProviderImpl(  994): 	at java.lang.Integer.parseInt(Integer.java:797)
09-03 12:23:19.624 E/HardwareInfoFeatureProviderImpl(  994): 	at java.lang.Integer.valueOf(Integer.java:1128)
09-03 12:23:19.624 E/HardwareInfoFeatureProviderImpl(  994): 	at com.google.android.settings.deviceinfo.hardwareinfo.HardwareInfoFeatureProviderGoogleImpl.getManufacturedYear(HardwareInfoFeatureProviderGoogleImpl.kt:22)
09-03 12:23:19.624 E/HardwareInfoFeatureProviderImpl(  994): 	at com.android.settings.deviceinfo.hardwareinfo.ManufacturedYearPreferenceController.<init>(ManufacturedYearPreferenceController.kt:26)
09-03 12:23:19.624 E/HardwareInfoFeatureProviderImpl(  994): 	at java.lang.reflect.Constructor.newInstance0(Native Method)
09-03 12:23:19.624 E/HardwareInfoFeatureProviderImpl(  994): 	at java.lang.reflect.Constructor.newInstance(Constructor.java:343)
09-03 12:23:19.624 E/HardwareInfoFeatureProviderImpl(  994): 	at com.android.settings.core.BasePreferenceController.createInstance(BasePreferenceController.java:187)
09-03 12:23:19.624 E/HardwareInfoFeatureProviderImpl(  994): 	at com.android.settings.core.PreferenceControllerListHelper.getPreferenceControllersFromXml(PreferenceControllerListHelper.java:83)
09-03 12:23:19.624 E/HardwareInfoFeatureProviderImpl(  994): 	at com.android.settings.search.BaseSearchIndexProvider.getPreferenceControllers(BaseSearchIndexProvider.java:149)
09-03 12:23:19.624 E/HardwareInfoFeatureProviderImpl(  994): 	at com.android.settings.search.BaseSearchIndexProvider.getDynamicRawDataToIndex(BaseSearchIndexProvider.java:87)
09-03 12:23:19.624 E/HardwareInfoFeatureProviderImpl(  994): 	at com.android.settings.search.SettingsSearchIndexablesProvider.getDynamicSearchIndexableRawData(SettingsSearchIndexablesProvider.java:379)
09-03 12:23:19.624 E/HardwareInfoFeatureProviderImpl(  994): 	at com.android.settings.search.SettingsSearchIndexablesProvider.queryDynamicRawData(SettingsSearchIndexablesProvider.java:180)
09-03 12:23:19.624 E/HardwareInfoFeatureProviderImpl(  994): 	at android.provider.SearchIndexablesProvider.query(SearchIndexablesProvider.java:133)
09-03 12:23:19.624 E/HardwareInfoFeatureProviderImpl(  994): 	at android.content.ContentProvider.query(ContentProvider.java:1596)
09-03 12:23:19.624 E/HardwareInfoFeatureProviderImpl(  994): 	at android.content.ContentProvider.query(ContentProvider.java:1692)
09-03 12:23:19.624 E/HardwareInfoFeatureProviderImpl(  994): 	at android.content.ContentProvider$Transport.query(ContentProvider.java:292)
09-03 12:23:19.624 E/HardwareInfoFeatureProviderImpl(  994): 	at android.content.ContentProviderNative.onTransact(ContentProviderNative.java:107)
09-03 12:23:19.624 E/HardwareInfoFeatureProviderImpl(  994): 	at android.os.Binder.execTransactInternal(Binder.java:1339)
09-03 12:23:19.624 E/HardwareInfoFeatureProviderImpl(  994): 	at android.os.Binder.execTransact(Binder.java:1275)
09-03 12:23:19.981 E/PhoneInterfaceManager(  984): isVoNrEnabled: CommandException: com.android.internal.telephony.CommandException: REQUEST_NOT_SUPPORTED
09-03 12:23:19.984 E/PhoneInterfaceManager(  984): isVoNrEnabled: CommandException: com.android.internal.telephony.CommandException: REQUEST_NOT_SUPPORTED
09-03 12:23:20.907 E/ScreenResolutionController(  994): No support
09-03 12:23:22.686 E/droid.emergency( 4119): Not starting debugger since process cannot load the jdwp agent.
09-03 12:23:22.749 E/.android.gms.ui( 4148): Not starting debugger since process cannot load the jdwp agent.
09-03 12:23:22.879 E/nect.controller( 4168): Not starting debugger since process cannot load the jdwp agent.
09-03 12:23:22.991 E/marvin.talkback( 4191): Not starting debugger since process cannot load the jdwp agent.
09-03 12:23:25.060 E/ActivityManager(  560): Sending non-protected broadcast com.android.settings.battery.action.PERIODIC_JOB_RECHECK from system 994:com.android.settings/1000 pkg com.android.settings
09-03 12:23:25.060 E/ActivityManager(  560): java.lang.Throwable
09-03 12:23:25.060 E/ActivityManager(  560): 	at com.android.server.am.ActivityManagerService.checkBroadcastFromSystem(ActivityManagerService.java:14306)
09-03 12:23:25.060 E/ActivityManager(  560): 	at com.android.server.am.ActivityManagerService.broadcastIntentLockedTraced(ActivityManagerService.java:15131)
09-03 12:23:25.060 E/ActivityManager(  560): 	at com.android.server.am.ActivityManagerService.broadcastIntentLocked(ActivityManagerService.java:14370)
09-03 12:23:25.060 E/ActivityManager(  560): 	at com.android.server.am.ActivityManagerService.broadcastIntentWithFeature(ActivityManagerService.java:15336)
09-03 12:23:25.060 E/ActivityManager(  560): 	at android.app.IActivityManager$Stub.onTransact(IActivityManager.java:2653)
09-03 12:23:25.060 E/ActivityManager(  560): 	at com.android.server.am.ActivityManagerService.onTransact(ActivityManagerService.java:2720)
09-03 12:23:25.060 E/ActivityManager(  560): 	at android.os.Binder.execTransactInternal(Binder.java:1339)
09-03 12:23:25.060 E/ActivityManager(  560): 	at android.os.Binder.execTransact(Binder.java:1275)
09-03 12:23:25.170 E/native  ( 4022): E0000 00:00:1788438205.170351    4301 array-storage.cc:100] Array storage bad crc 445824269 vs 3535442231
09-03 12:23:25.171 E/native  ( 4022): E0000 00:00:1788438205.171014    4301 dynamic-trie.cc:483] Trie mmap node failed
09-03 12:23:25.477 E/native  ( 4022): E0000 00:00:1788438205.474502    4301 flash-bitmap.cc:81] Flash bitmap /data/data/com.google.android.gms/files/AppDataSearch/main/cur/idx.lite.lexicon.prop.15 is dirty
09-03 12:23:25.477 E/native  ( 4022): E0000 00:00:1788438205.477636    4301 dynamic-trie.cc:1110] Init of /data/data/com.google.android.gms/files/AppDataSearch/main/cur/idx.lite.lexicon.prop.15 failed
09-03 12:23:25.477 E/native  ( 4022): E0000 00:00:1788438205.477920    4301 dynamic-trie.cc:1159] Open prop bitmap failed: /data/data/com.google.android.gms/files/AppDataSearch/main/cur/idx.lite.lexicon.prop.15
09-03 12:23:25.478 E/native  ( 4022): E0000 00:00:1788438205.478879    4301 flash-index.cc:710] Lite index failed to initialize; clearing: INTERNAL: Failed to initialize lexicon trie
09-03 12:23:26.709 E/PhenotypeRegOp( 4022): Attempting to overwrite config package for com.google.android.gms.games [CONTEXT service_id=231 ]
09-03 12:23:26.715 E/PhenotypeRegOp( 4022): Attempting to overwrite config package for com.google.android.gms.maps#com.google.android.gms [CONTEXT service_id=231 ]
09-03 12:23:26.716 E/PhenotypeRegOp( 4022): Attempting to overwrite config package for com.google.android.gms.cast [CONTEXT service_id=231 ]
09-03 12:23:26.717 E/PhenotypeRegOp( 4022): Attempting to overwrite config package for com.google.android.gms.mobile_data_plan [CONTEXT service_id=231 ]
09-03 12:23:26.720 E/PhenotypeRegOp( 4022): Attempting to overwrite config package for com.google.android.gms.udc [CONTEXT service_id=231 ]
09-03 12:23:26.780 E/CCTFlatFileLogStore( 2433): Failed to get boot count.
09-03 12:23:26.780 E/CCTFlatFileLogStore( 2433): java.util.concurrent.TimeoutException: Timed out waiting for Task
09-03 12:23:26.780 E/CCTFlatFileLogStore( 2433): 	at cfsz.o(:com.google.android.gms@231818047@23.18.18 (190800-535401451):6)
09-03 12:23:26.780 E/CCTFlatFileLogStore( 2433): 	at aakb.s(:com.google.android.gms@231818047@23.18.18 (190800-535401451):3)
09-03 12:23:26.780 E/CCTFlatFileLogStore( 2433): 	at aagr.run(:com.google.android.gms@231818047@23.18.18 (190800-535401451):3)
09-03 12:23:26.780 E/CCTFlatFileLogStore( 2433): 	at aced.c(:com.google.android.gms@231818047@23.18.18 (190800-535401451):6)
09-03 12:23:26.780 E/CCTFlatFileLogStore( 2433): 	at aced.run(:com.google.android.gms@231818047@23.18.18 (190800-535401451):7)
09-03 12:23:26.780 E/CCTFlatFileLogStore( 2433): 	at java.util.concurrent.ThreadPoolExecutor.runWorker(ThreadPoolExecutor.java:1145)
09-03 12:23:26.780 E/CCTFlatFileLogStore( 2433): 	at java.util.concurrent.ThreadPoolExecutor$Worker.run(ThreadPoolExecutor.java:644)
09-03 12:23:26.780 E/CCTFlatFileLogStore( 2433): 	at acjn.run(:com.google.android.gms@231818047@23.18.18 (190800-535401451):0)
09-03 12:23:26.780 E/CCTFlatFileLogStore( 2433): 	at java.lang.Thread.run(Thread.java:1012)
09-03 12:23:28.661 E/PhenotypeFlagCommitter( 4022): Retrieving snapshot for com.google.android.gms.playlog.uploader failed
09-03 12:23:28.661 E/PhenotypeFlagCommitter( 4022): java.util.concurrent.TimeoutException: Timed out waiting for Task
09-03 12:23:28.661 E/PhenotypeFlagCommitter( 4022): 	at cfsz.o(:com.google.android.gms@231818047@23.18.18 (190800-535401451):6)
09-03 12:23:28.661 E/PhenotypeFlagCommitter( 4022): 	at bwch.e(:com.google.android.gms@231818047@23.18.18 (190800-535401451):2)
09-03 12:23:28.661 E/PhenotypeFlagCommitter( 4022): 	at bwch.j(:com.google.android.gms@231818047@23.18.18 (190800-535401451):2)
09-03 12:23:28.661 E/PhenotypeFlagCommitter( 4022): 	at bwch.h(:com.google.android.gms@231818047@23.18.18 (190800-535401451):0)
09-03 12:23:28.661 E/PhenotypeFlagCommitter( 4022): 	at com.google.android.gms.clearcut.init.ClearcutInitChimeraIntentService.b(:com.google.android.gms@231818047@23.18.18 (190800-535401451):5)
09-03 12:23:28.661 E/PhenotypeFlagCommitter( 4022): 	at zdm.onHandleIntent(:com.google.android.gms@231818047@23.18.18 (190800-535401451):8)
09-03 12:23:28.661 E/PhenotypeFlagCommitter( 4022): 	at com.google.android.chimera.IntentOperation.onHandleIntent(:com.google.android.gms@231818047@23.18.18 (190800-535401451):2)
09-03 12:23:28.661 E/PhenotypeFlagCommitter( 4022): 	at zhv.onHandleIntent(:com.google.android.gms@231818047@23.18.18 (190800-535401451):4)
09-03 12:23:28.661 E/PhenotypeFlagCommitter( 4022): 	at hjm.run(:com.google.android.gms@231818047@23.18.18 (190800-535401451):3)
09-03 12:23:28.661 E/PhenotypeFlagCommitter( 4022): 	at hjl.run(:com.google.android.gms@231818047@23.18.18 (190800-535401451):11)
09-03 12:23:28.661 E/PhenotypeFlagCommitter( 4022): 	at dfhf.run(:com.google.android.gms@231818047@23.18.18 (190800-535401451):2)
09-03 12:23:28.661 E/PhenotypeFlagCommitter( 4022): 	at java.util.concurrent.ThreadPoolExecutor.runWorker(ThreadPoolExecutor.java:1145)
09-03 12:23:28.661 E/PhenotypeFlagCommitter( 4022): 	at java.util.concurrent.ThreadPoolExecutor$Worker.run(ThreadPoolExecutor.java:644)
09-03 12:23:28.661 E/PhenotypeFlagCommitter( 4022): 	at java.lang.Thread.run(Thread.java:1012)
09-03 12:23:29.787 E/Authzen ( 4022): [AuthZenEventHandler] unknown action: com.google.android.chimera.IntentOperation.NEW_MODULE
09-03 12:23:29.960 E/RecoverySnapshotStorage(  560): Error reading snapshot for 10131 from disk
09-03 12:23:29.960 E/RecoverySnapshotStorage(  560): java.io.FileNotFoundException: /data/system/recoverablekeystore/snapshots/10131.xml: open failed: ENOENT (No such file or directory)
09-03 12:23:29.960 E/RecoverySnapshotStorage(  560): 	at libcore.io.IoBridge.open(IoBridge.java:574)
09-03 12:23:29.960 E/RecoverySnapshotStorage(  560): 	at java.io.FileInputStream.<init>(FileInputStream.java:160)
09-03 12:23:29.960 E/RecoverySnapshotStorage(  560): 	at com.android.server.locksettings.recoverablekeystore.storage.RecoverySnapshotStorage.readFromDisk(RecoverySnapshotStorage.java:152)
09-03 12:23:29.960 E/RecoverySnapshotStorage(  560): 	at com.android.server.locksettings.recoverablekeystore.storage.RecoverySnapshotStorage.get(RecoverySnapshotStorage.java:104)
09-03 12:23:29.960 E/RecoverySnapshotStorage(  560): 	at com.android.server.locksettings.recoverablekeystore.RecoverableKeyStoreManager.getKeyChainSnapshot(RecoverableKeyStoreManager.java:369)
09-03 12:23:29.960 E/RecoverySnapshotStorage(  560): 	at com.android.server.locksettings.LockSettingsService.getKeyChainSnapshot(LockSettingsService.java:2494)
09-03 12:23:29.960 E/RecoverySnapshotStorage(  560): 	at com.android.internal.widget.ILockSettings$Stub.onTransact(ILockSettings.java:838)
09-03 12:23:29.960 E/RecoverySnapshotStorage(  560): 	at android.os.Binder.execTransactInternal(Binder.java:1339)
09-03 12:23:29.960 E/RecoverySnapshotStorage(  560): 	at android.os.Binder.execTransact(Binder.java:1275)
09-03 12:23:29.960 E/RecoverySnapshotStorage(  560): Caused by: android.system.ErrnoException: open failed: ENOENT (No such file or directory)
09-03 12:23:29.960 E/RecoverySnapshotStorage(  560): 	at libcore.io.Linux.open(Native Method)
09-03 12:23:29.960 E/RecoverySnapshotStorage(  560): 	at libcore.io.ForwardingOs.open(ForwardingOs.java:563)
09-03 12:23:29.960 E/RecoverySnapshotStorage(  560): 	at libcore.io.BlockGuardOs.open(BlockGuardOs.java:274)
09-03 12:23:29.960 E/RecoverySnapshotStorage(  560): 	at libcore.io.IoBridge.open(IoBridge.java:560)
09-03 12:23:29.960 E/RecoverySnapshotStorage(  560): 	... 8 more
09-03 12:23:29.970 E/keystore2(  182): system/security/keystore2/src/error.rs:180 - system/security/keystore2/src/security_level.rs:684
09-03 12:23:29.970 E/keystore2(  182): 
09-03 12:23:29.970 E/keystore2(  182): Caused by:
09-03 12:23:29.970 E/keystore2(  182):     0: system/security/keystore2/src/security_level.rs:199
09-03 12:23:29.970 E/keystore2(  182):     1: system/security/keystore2/src/security_level.rs:176: Failed to handle super encryption.
09-03 12:23:29.970 E/keystore2(  182):     2: system/security/keystore2/src/super_key.rs:762: User ECDH key missing.
09-03 12:23:29.970 E/keystore2(  182):     3: Error::Rc(r#SYSTEM_ERROR)
09-03 12:23:30.072 E/dlpn    ( 2433): RuntimeException while executing runnable dlqc{qze@57080b} with executor MoreExecutors.directExecutor()
09-03 12:23:30.072 E/dlpn    ( 2433): java.lang.NullPointerException: Attempt to get length of null array
09-03 12:23:30.072 E/dlpn    ( 2433): 	at android.util.Base64.encode(Base64.java:496)
09-03 12:23:30.072 E/dlpn    ( 2433): 	at android.util.Base64.encodeToString(Base64.java:458)
09-03 12:23:30.072 E/dlpn    ( 2433): 	at com.google.android.gms.auth.proximity.RemoteDevice.a(:com.google.android.gms@231818047@23.18.18 (190800-535401451):0)
09-03 12:23:30.072 E/dlpn    ( 2433): 	at qze.b(:com.google.android.gms@231818047@23.18.18 (190800-535401451):2)
09-03 12:23:30.072 E/dlpn    ( 2433): 	at dlqc.run(:com.google.android.gms@231818047@23.18.18 (190800-535401451):6)
09-03 12:23:30.072 E/dlpn    ( 2433): 	at dlpk.execute(:com.google.android.gms@231818047@23.18.18 (190800-535401451):0)
09-03 12:23:30.072 E/dlpn    ( 2433): 	at dlpn.c(:com.google.android.gms@231818047@23.18.18 (190800-535401451):1)
09-03 12:23:30.072 E/dlpn    ( 2433): 	at dlpn.b(:com.google.android.gms@231818047@23.18.18 (190800-535401451):3)
09-03 12:23:30.072 E/dlpn    ( 2433): 	at acei.done(:com.google.android.gms@231818047@23.18.18 (190800-535401451):0)
09-03 12:23:30.072 E/dlpn    ( 2433): 	at java.util.concurrent.FutureTask.finishCompletion(FutureTask.java:381)
09-03 12:23:30.072 E/dlpn    ( 2433): 	at java.util.concurrent.FutureTask.set(FutureTask.java:232)
09-03 12:23:30.072 E/dlpn    ( 2433): 	at java.util.concurrent.FutureTask.run(FutureTask.java:272)
09-03 12:23:30.072 E/dlpn    ( 2433): 	at aced.c(:com.google.android.gms@231818047@23.18.18 (190800-535401451):6)
09-03 12:23:30.072 E/dlpn    ( 2433): 	at aced.run(:com.google.android.gms@231818047@23.18.18 (190800-535401451):7)
09-03 12:23:30.072 E/dlpn    ( 2433): 	at java.util.concurrent.ThreadPoolExecutor.runWorker(ThreadPoolExecutor.java:1145)
09-03 12:23:30.072 E/dlpn    ( 2433): 	at java.util.concurrent.ThreadPoolExecutor$Worker.run(ThreadPoolExecutor.java:644)
09-03 12:23:30.072 E/dlpn    ( 2433): 	at acjn.run(:com.google.android.gms@231818047@23.18.18 (190800-535401451):0)
09-03 12:23:30.072 E/dlpn    ( 2433): 	at java.lang.Thread.run(Thread.java:1012)
09-03 12:23:30.288 E/A       ( 1760): disposing SearchServiceClient after timeout []
09-03 12:23:31.306 E/BpfHandler(  358): Unsupported protocol: 1
09-03 12:23:32.798 E/WakeLock( 4022): DG:service ** IS FORCE-RELEASED ON TIMEOUT **
09-03 12:23:33.629 E/RoleControllerServiceImpl( 1380): Default/fallback role holder package doesn't qualify for the role, package: com.google.android.gms.supervision, role: android.app.role.SYSTEM_SUPERVISION
09-03 12:23:33.635 E/RoleControllerServiceImpl( 1380): Default/fallback role holder package doesn't qualify for the role, package: com.google.android.gms, role: android.app.role.SYSTEM_CALL_STREAMING
09-03 12:23:35.464 E/RoleControllerServiceImpl( 1380): Default/fallback role holder package doesn't qualify for the role, package: com.google.android.gms.supervision, role: android.app.role.SYSTEM_SUPERVISION
09-03 12:23:35.471 E/RoleControllerServiceImpl( 1380): Default/fallback role holder package doesn't qualify for the role, package: com.google.android.gms, role: android.app.role.SYSTEM_CALL_STREAMING
09-03 12:23:37.156 E/RoleControllerServiceImpl( 1380): Default/fallback role holder package doesn't qualify for the role, package: com.google.android.gms.supervision, role: android.app.role.SYSTEM_SUPERVISION
09-03 12:23:37.186 E/RoleControllerServiceImpl( 1380): Default/fallback role holder package doesn't qualify for the role, package: com.google.android.gms, role: android.app.role.SYSTEM_CALL_STREAMING
09-03 12:23:39.946 E/RoleControllerServiceImpl( 1380): Default/fallback role holder package doesn't qualify for the role, package: com.google.android.gms.supervision, role: android.app.role.SYSTEM_SUPERVISION
09-03 12:23:39.959 E/RoleControllerServiceImpl( 1380): Default/fallback role holder package doesn't qualify for the role, package: com.google.android.gms, role: android.app.role.SYSTEM_CALL_STREAMING
09-03 12:23:41.859 E/RoleControllerServiceImpl( 1380): Default/fallback role holder package doesn't qualify for the role, package: com.google.android.gms.supervision, role: android.app.role.SYSTEM_SUPERVISION
09-03 12:23:41.891 E/RoleControllerServiceImpl( 1380): Default/fallback role holder package doesn't qualify for the role, package: com.google.android.gms, role: android.app.role.SYSTEM_CALL_STREAMING
09-03 12:23:51.867 E/A       ( 1760): onError
09-03 12:23:51.867 E/A       ( 1760): com.google.android.apps.gsa.shared.speech.a.m: errorCode: 65561, engine: 2
09-03 12:23:51.867 E/A       ( 1760): 	at com.google.android.apps.gsa.staticplugins.dc.a.e.a(PG:3)
09-03 12:23:51.867 E/A       ( 1760): 	at com.google.android.apps.gsa.s3.n.hh(PG:1)
09-03 12:23:51.867 E/A       ( 1760): 	at com.google.cd.g.a.f.e(PG:2)
09-03 12:23:51.867 E/A       ( 1760): 	at com.google.android.apps.gsa.speech.k.a.g.d(PG:22)
09-03 12:23:51.867 E/A       ( 1760): 	at com.google.android.apps.gsa.speech.k.a.g.ks(PG:6)
09-03 12:23:51.867 E/A       ( 1760): 	at com.google.android.apps.gsa.s3.o.e(PG:14)
09-03 12:23:51.867 E/A       ( 1760): 	at com.google.android.apps.gsa.s3.p.run(PG:1)
09-03 12:23:51.867 E/A       ( 1760): 	at java.util.concurrent.Executors$RunnableAdapter.call(Executors.java:487)
09-03 12:23:51.867 E/A       ( 1760): 	at java.util.concurrent.FutureTask.run(FutureTask.java:264)
09-03 12:23:51.867 E/A       ( 1760): 	at com.google.android.apps.gsa.shared.util.c.a.e.run(PG:2)
09-03 12:23:51.867 E/A       ( 1760): 	at com.google.android.apps.gsa.shared.util.c.a.bi.run(PG:1)
09-03 12:23:51.867 E/A       ( 1760): 	at com.google.android.apps.gsa.shared.util.c.a.bi.run(PG:1)
09-03 12:23:51.867 E/A       ( 1760): 	at java.util.concurrent.ThreadPoolExecutor.runWorker(ThreadPoolExecutor.java:1145)
09-03 12:23:51.867 E/A       ( 1760): 	at java.util.concurrent.ThreadPoolExecutor$Worker.run(ThreadPoolExecutor.java:644)
09-03 12:23:51.867 E/A       ( 1760): 	at java.lang.Thread.run(Thread.java:1012)
09-03 12:23:51.867 E/A       ( 1760): 	at com.google.android.apps.gsa.shared.util.c.a.l.run(PG:5)
09-03 12:23:51.867 E/A       ( 1760): Caused by: com.google.android.apps.gsa.shared.speech.a.o: errorCode: 65586, engine: 2
09-03 12:23:51.867 E/A       ( 1760): 	... 15 more
09-03 12:23:51.867 E/A       ( 1760): Caused by: com.google.android.apps.gsa.shared.speech.a.k: errorCode: 401, engine: 2
09-03 12:23:51.867 E/A       ( 1760): 	at com.google.android.apps.gsa.assistant.shared.n.h.a(PG:5)
09-03 12:23:51.867 E/A       ( 1760): 	at com.google.android.apps.gsa.s3.producers.j.hE(PG:2)
09-03 12:23:51.867 E/A       ( 1760): 	at com.google.android.apps.gsa.speech.k.a.g.d(PG:16)
09-03 12:23:51.867 E/A       ( 1760): 	... 12 more
09-03 12:24:00.883 E/WorkSourceUtil( 4022): Could not find package: com.google.android.gms.westworld
09-03 12:24:02.221 E/RoleControllerServiceImpl( 1380): Default/fallback role holder package doesn't qualify for the role, package: com.google.android.gms.supervision, role: android.app.role.SYSTEM_SUPERVISION
09-03 12:24:02.233 E/RoleControllerServiceImpl( 1380): Default/fallback role holder package doesn't qualify for the role, package: com.google.android.gms, role: android.app.role.SYSTEM_CALL_STREAMING
09-03 12:24:12.954 E/PhenotypeRegOp( 4022): Attempting to overwrite config package for com.google.android.gms.games [CONTEXT service_id=231 ]
09-03 12:24:12.955 E/PhenotypeRegOp( 4022): Attempting to overwrite config package for com.google.android.gms.maps#com.google.android.gms [CONTEXT service_id=231 ]
09-03 12:24:12.955 E/PhenotypeRegOp( 4022): Attempting to overwrite config package for com.google.android.gms.cast [CONTEXT service_id=231 ]
09-03 12:24:12.959 E/PhenotypeRegOp( 4022): Attempting to overwrite config package for com.google.android.gms.mobile_data_plan [CONTEXT service_id=231 ]
09-03 12:24:12.961 E/PhenotypeRegOp( 4022): Attempting to overwrite config package for com.google.android.gms.udc [CONTEXT service_id=231 ]
09-03 12:24:13.129 E/RecoverySnapshotStorage(  560): Error reading snapshot for 10131 from disk
09-03 12:24:13.129 E/RecoverySnapshotStorage(  560): java.io.FileNotFoundException: /data/system/recoverablekeystore/snapshots/10131.xml: open failed: ENOENT (No such file or directory)
09-03 12:24:13.129 E/RecoverySnapshotStorage(  560): 	at libcore.io.IoBridge.open(IoBridge.java:574)
09-03 12:24:13.129 E/RecoverySnapshotStorage(  560): 	at java.io.FileInputStream.<init>(FileInputStream.java:160)
09-03 12:24:13.129 E/RecoverySnapshotStorage(  560): 	at com.android.server.locksettings.recoverablekeystore.storage.RecoverySnapshotStorage.readFromDisk(RecoverySnapshotStorage.java:152)
09-03 12:24:13.129 E/RecoverySnapshotStorage(  560): 	at com.android.server.locksettings.recoverablekeystore.storage.RecoverySnapshotStorage.get(RecoverySnapshotStorage.java:104)
09-03 12:24:13.129 E/RecoverySnapshotStorage(  560): 	at com.android.server.locksettings.recoverablekeystore.RecoverableKeyStoreManager.getKeyChainSnapshot(RecoverableKeyStoreManager.java:369)
09-03 12:24:13.129 E/RecoverySnapshotStorage(  560): 	at com.android.server.locksettings.LockSettingsService.getKeyChainSnapshot(LockSettingsService.java:2494)
09-03 12:24:13.129 E/RecoverySnapshotStorage(  560): 	at com.android.internal.widget.ILockSettings$Stub.onTransact(ILockSettings.java:838)
09-03 12:24:13.129 E/RecoverySnapshotStorage(  560): 	at android.os.Binder.execTransactInternal(Binder.java:1339)
09-03 12:24:13.129 E/RecoverySnapshotStorage(  560): 	at android.os.Binder.execTransact(Binder.java:1275)
09-03 12:24:13.129 E/RecoverySnapshotStorage(  560): Caused by: android.system.ErrnoException: open failed: ENOENT (No such file or directory)
09-03 12:24:13.129 E/RecoverySnapshotStorage(  560): 	at libcore.io.Linux.open(Native Method)
09-03 12:24:13.129 E/RecoverySnapshotStorage(  560): 	at libcore.io.ForwardingOs.open(ForwardingOs.java:563)
09-03 12:24:13.129 E/RecoverySnapshotStorage(  560): 	at libcore.io.BlockGuardOs.open(BlockGuardOs.java:274)
09-03 12:24:13.129 E/RecoverySnapshotStorage(  560): 	at libcore.io.IoBridge.open(IoBridge.java:560)
09-03 12:24:13.129 E/RecoverySnapshotStorage(  560): 	... 8 more
09-03 12:24:13.159 E/keystore2(  182): system/security/keystore2/src/error.rs:180 - system/security/keystore2/src/security_level.rs:684
09-03 12:24:13.159 E/keystore2(  182): 
09-03 12:24:13.159 E/keystore2(  182): Caused by:
09-03 12:24:13.159 E/keystore2(  182):     0: system/security/keystore2/src/security_level.rs:199
09-03 12:24:13.159 E/keystore2(  182):     1: system/security/keystore2/src/security_level.rs:176: Failed to handle super encryption.
09-03 12:24:13.159 E/keystore2(  182):     2: system/security/keystore2/src/super_key.rs:762: User ECDH key missing.
09-03 12:24:13.159 E/keystore2(  182):     3: Error::Rc(r#SYSTEM_ERROR)
09-03 12:24:13.516 E/IPCThreadState( 4022): Binder transaction failure: 213692/29201/-28
09-03 12:24:13.519 E/JavaBinder( 4022): !!! FAILED BINDER TRANSACTION !!!  (parcel size = 1056768)
09-03 12:24:13.801 E/BpfHandler(  358): Unsupported protocol: 1
09-03 12:24:15.206 E/WakeLock( 4022): DG:service ** IS FORCE-RELEASED ON TIMEOUT **
09-03 12:24:16.562 E/A       ( 1760): onError
09-03 12:24:16.562 E/A       ( 1760): com.google.android.apps.gsa.shared.speech.a.m: errorCode: 65561, engine: 2
09-03 12:24:16.562 E/A       ( 1760): 	at com.google.android.apps.gsa.staticplugins.dc.a.e.a(PG:3)
09-03 12:24:16.562 E/A       ( 1760): 	at com.google.android.apps.gsa.s3.n.hh(PG:1)
09-03 12:24:16.562 E/A       ( 1760): 	at com.google.cd.g.a.f.e(PG:2)
09-03 12:24:16.562 E/A       ( 1760): 	at com.google.android.apps.gsa.speech.k.a.g.d(PG:22)
09-03 12:24:16.562 E/A       ( 1760): 	at com.google.android.apps.gsa.speech.k.a.g.ks(PG:6)
09-03 12:24:16.562 E/A       ( 1760): 	at com.google.android.apps.gsa.s3.o.e(PG:14)
09-03 12:24:16.562 E/A       ( 1760): 	at com.google.android.apps.gsa.s3.p.run(PG:1)
09-03 12:24:16.562 E/A       ( 1760): 	at java.util.concurrent.Executors$RunnableAdapter.call(Executors.java:487)
09-03 12:24:16.562 E/A       ( 1760): 	at java.util.concurrent.FutureTask.run(FutureTask.java:264)
09-03 12:24:16.562 E/A       ( 1760): 	at com.google.android.apps.gsa.shared.util.c.a.e.run(PG:2)
09-03 12:24:16.562 E/A       ( 1760): 	at com.google.android.apps.gsa.shared.util.c.a.bi.run(PG:1)
09-03 12:24:16.562 E/A       ( 1760): 	at com.google.android.apps.gsa.shared.util.c.a.bi.run(PG:1)
09-03 12:24:16.562 E/A       ( 1760): 	at java.util.concurrent.ThreadPoolExecutor.runWorker(ThreadPoolExecutor.java:1145)
09-03 12:24:16.562 E/A       ( 1760): 	at java.util.concurrent.ThreadPoolExecutor$Worker.run(ThreadPoolExecutor.java:644)
09-03 12:24:16.562 E/A       ( 1760): 	at java.lang.Thread.run(Thread.java:1012)
09-03 12:24:16.562 E/A       ( 1760): 	at com.google.android.apps.gsa.shared.util.c.a.l.run(PG:5)
09-03 12:24:16.562 E/A       ( 1760): Caused by: com.google.android.apps.gsa.shared.speech.a.o: errorCode: 65586, engine: 2
09-03 12:24:16.562 E/A       ( 1760): 	... 15 more
09-03 12:24:16.562 E/A       ( 1760): Caused by: com.google.android.apps.gsa.shared.speech.a.k: errorCode: 401, engine: 2
09-03 12:24:16.562 E/A       ( 1760): 	at com.google.android.apps.gsa.assistant.shared.n.h.a(PG:5)
09-03 12:24:16.562 E/A       ( 1760): 	at com.google.android.apps.gsa.s3.producers.j.hE(PG:2)
09-03 12:24:16.562 E/A       ( 1760): 	at com.google.android.apps.gsa.speech.k.a.g.d(PG:16)
09-03 12:24:16.562 E/A       ( 1760): 	... 12 more
09-03 12:24:16.570 E/cr_CronetUrlRequestContext( 1760): Exception in upload method
09-03 12:24:16.570 E/cr_CronetUrlRequestContext( 1760): com.google.android.apps.gsa.shared.r.d: Error code: 262182
09-03 12:24:16.570 E/cr_CronetUrlRequestContext( 1760): 	at com.google.android.libraries.gsa.c.a.ar.b(PG:1)
09-03 12:24:16.570 E/cr_CronetUrlRequestContext( 1760): 	at com.google.android.libraries.gsa.c.a.o.read(PG:2)
09-03 12:24:16.570 E/cr_CronetUrlRequestContext( 1760): 	at org.chromium.net.impl.r.run(PG:5)
09-03 12:24:16.570 E/cr_CronetUrlRequestContext( 1760): 	at com.google.android.libraries.gsa.c.a.al.run(Unknown Source:2)
09-03 12:24:16.570 E/cr_CronetUrlRequestContext( 1760): 	at com.google.android.libraries.gsa.k.a.h.run(PG:2)
09-03 12:24:16.570 E/cr_CronetUrlRequestContext( 1760): 	at com.google.android.apps.gsa.shared.util.c.a.cf.b(PG:1)
09-03 12:24:16.570 E/cr_CronetUrlRequestContext( 1760): 	at com.google.android.apps.gsa.shared.util.c.a.ci.run(PG:1)
09-03 12:24:16.570 E/cr_CronetUrlRequestContext( 1760): 	at com.google.android.libraries.i.ae.run(PG:1)
09-03 12:24:16.570 E/cr_CronetUrlRequestContext( 1760): 	at java.util.concurrent.ThreadPoolExecutor.runWorker(ThreadPoolExecutor.java:1145)
09-03 12:24:16.570 E/cr_CronetUrlRequestContext( 1760): 	at java.util.concurrent.ThreadPoolExecutor$Worker.run(ThreadPoolExecutor.java:644)
09-03 12:24:16.570 E/cr_CronetUrlRequestContext( 1760): 	at com.google.android.libraries.i.k.run(PG:2)
09-03 12:24:16.570 E/cr_CronetUrlRequestContext( 1760): 	at com.google.android.libraries.i.p.run(PG:4)
09-03 12:24:16.570 E/cr_CronetUrlRequestContext( 1760): 	at java.lang.Thread.run(Thread.java:1012)
09-03 12:24:18.438 E/PhenotypeFlagCommitter( 4022): Retrieving snapshot for com.google.android.gms.playlog.uploader failed
09-03 12:24:18.438 E/PhenotypeFlagCommitter( 4022): java.util.concurrent.TimeoutException: Timed out waiting for Task
09-03 12:24:18.438 E/PhenotypeFlagCommitter( 4022): 	at cfsz.o(:com.google.android.gms@231818047@23.18.18 (190800-535401451):6)
09-03 12:24:18.438 E/PhenotypeFlagCommitter( 4022): 	at bwch.e(:com.google.android.gms@231818047@23.18.18 (190800-535401451):2)
09-03 12:24:18.438 E/PhenotypeFlagCommitter( 4022): 	at bwch.j(:com.google.android.gms@231818047@23.18.18 (190800-535401451):2)
09-03 12:24:18.438 E/PhenotypeFlagCommitter( 4022): 	at bwch.k(:com.google.android.gms@231818047@23.18.18 (190800-535401451):2)
09-03 12:24:18.438 E/PhenotypeFlagCommitter( 4022): 	at bwch.j(:com.google.android.gms@231818047@23.18.18 (190800-535401451):8)
09-03 12:24:18.438 E/PhenotypeFlagCommitter( 4022): 	at bwch.h(:com.google.android.gms@231818047@23.18.18 (190800-535401451):0)
09-03 12:24:18.438 E/PhenotypeFlagCommitter( 4022): 	at com.google.android.gms.clearcut.init.ClearcutInitChimeraIntentService.b(:com.google.android.gms@231818047@23.18.18 (190800-535401451):5)
09-03 12:24:18.438 E/PhenotypeFlagCommitter( 4022): 	at zdm.onHandleIntent(:com.google.android.gms@231818047@23.18.18 (190800-535401451):2)
09-03 12:24:18.438 E/PhenotypeFlagCommitter( 4022): 	at com.google.android.gms.clearcut.init.DefaultPriorityClearcutInitChimeraIntentService.onHandleIntent(:com.google.android.gms@231818047@23.18.18 (190800-535401451):2)
09-03 12:24:18.438 E/PhenotypeFlagCommitter( 4022): 	at com.google.android.chimera.IntentOperation.onHandleIntent(:com.google.android.gms@231818047@23.18.18 (190800-535401451):2)
09-03 12:24:18.438 E/PhenotypeFlagCommitter( 4022): 	at zhv.onHandleIntent(:com.google.android.gms@231818047@23.18.18 (190800-535401451):4)
09-03 12:24:18.438 E/PhenotypeFlagCommitter( 4022): 	at hjm.run(:com.google.android.gms@231818047@23.18.18 (190800-535401451):3)
09-03 12:24:18.438 E/PhenotypeFlagCommitter( 4022): 	at hjl.run(:com.google.android.gms@231818047@23.18.18 (190800-535401451):11)
09-03 12:24:18.438 E/PhenotypeFlagCommitter( 4022): 	at dfhf.run(:com.google.android.gms@231818047@23.18.18 (190800-535401451):2)
09-03 12:24:18.438 E/PhenotypeFlagCommitter( 4022): 	at java.util.concurrent.ThreadPoolExecutor.runWorker(ThreadPoolExecutor.java:1145)
09-03 12:24:18.438 E/PhenotypeFlagCommitter( 4022): 	at java.util.concurrent.ThreadPoolExecutor$Worker.run(ThreadPoolExecutor.java:644)
09-03 12:24:18.438 E/PhenotypeFlagCommitter( 4022): 	at java.lang.Thread.run(Thread.java:1012)
